SEQN,age,sex,tc,hdl,sbp,bmi,egfr,dm,smoking,bptreat,statin,RIDEXPRG,uacr_first_bridged,uacr_repeat_bridged,risk_first,risk_second,category_first,category_second,delta_pp,SDMVSTRA,SDMVPSU,WTMEC2YR,unit_weight,LB2DAY,pregnancy_indeterminate
9972,44.0,0.0,193.0,37.0,144.66666666666666,33.84,108.00503709324838,0.0,0.0,0.0,0.0,,3.8203179165790138,9.365179792542063,1.9989987876712023,2.2822346583479995,0,0,0.28323587067679723,26.0,1.0,93558.93476,1.0,9.0,False
9973,63.0,1.0,206.0,53.0,108.0,26.6,97.1192631415636,0.0,1.0,0.0,0.0,,15.294622562173798,6.590732639021617,4.512140205326924,3.997882132581604,1,1,-0.5142580727453199,24.0,2.0,8634.477802,1.0,30.0,False
9976,36.0,0.0,206.0,93.0,132.66666666666666,22.51,100.0329513800521,0.0,1.0,0.0,0.0,,5.836596816995715,93.18221328622751,0.6516399718828804,0.9867975821576556,0,0,0.3351576102747752,24.0,2.0,38187.811515,1.0,12.0,False
10033,51.0,1.0,243.0,44.0,124.0,33.05,68.2079689795163,0.0,0.0,0.0,0.0,2.0,1.05646041903875,4.028996348751395,1.473978625577054,1.7961436955301882,0,0,0.3221650699531342,19.0,2.0,40987.073119,1.0,12.0,False
10070,62.0,0.0,203.0,46.0,134.0,30.89,68.37532283018858,0.0,0.0,0.0,0.0,,2.4320014694872802,1.8560011214508192,4.597504165073496,4.421761702470766,1,1,-0.17574246260272997,14.0,1.0,45927.969694,1.0,8.0,False
10105,40.0,1.0,183.0,42.0,107.33333333333333,27.92,82.88103960861761,0.0,1.0,0.0,0.0,2.0,5.875434505589266,5.019424056285409,0.9139689346917107,0.8928077191664283,0,0,-0.021161215525282384,26.0,2.0,20379.588708,1.0,19.0,False
10116,48.0,0.0,174.0,40.0,122.0,32.21,67.76398982890707,0.0,1.0,0.0,0.0,,3.514363017112548,2.8248333403399837,2.363248228039396,2.288330953952093,0,0,-0.07491727408730275,24.0,2.0,25769.562403,1.0,8.0,False
10162,60.0,0.0,248.0,40.0,114.0,30.99,97.77501448289098,0.0,0.0,0.0,0.0,,9.463439090451697,9.740587889437332,4.71456130844045,4.7341815363232085,1,1,0.019620227882758634,17.0,2.0,2736.159166,1.0,28.0,False
10201,40.0,0.0,224.0,41.0,101.33333333333333,36.72,78.40099182476698,0.0,0.0,0.0,0.0,,2.1223988425438964,2.4369000370246794,0.8552103320814908,0.8730853243647407,0,0,0.017874992283249957,23.0,1.0,89382.404687,1.0,15.0,False
10251,36.0,1.0,204.0,66.0,114.0,20.49,97.8683456761073,0.0,0.0,0.0,0.0,2.0,4.364710807848798,3.743280553623986,0.23735985321952335,0.23196217888027415,0,0,-0.005397674339249203,23.0,2.0,78323.941113,1.0,18.0,False
10315,41.0,0.0,202.0,44.0,114.0,29.3,86.49018425483102,1.0,0.0,0.0,0.0,,239.9111544154714,196.7291358046634,3.8065353996084963,3.698316793832468,1,1,-0.10821860577602838,23.0,2.0,95602.721999,1.0,14.0,False
10347,49.0,1.0,248.0,66.0,117.33333333333333,37.05,105.95451916798552,0.0,0.0,0.0,0.0,2.0,7.913484572742014,4.802928628100119,0.9498903670174488,0.8818929807915323,0,0,-0.06799738622591645,15.0,2.0,17256.03591,1.0,8.0,False
10361,49.0,1.0,244.0,39.0,117.33333333333333,26.75,105.95451916798552,0.0,1.0,0.0,0.0,2.0,3.7609019663630665,5.900835342654931,2.2871417233247193,2.4432379544353235,0,0,0.15609623111060422,22.0,2.0,48625.189382,1.0,28.0,False
10422,63.0,1.0,177.0,61.0,139.33333333333334,24.43,100.79513131538381,0.0,0.0,0.0,0.0,,2.9584823866158985,3.858622974968674,2.9585872646686515,3.075250540887079,0,1,0.11666327621842765,27.0,2.0,7280.60074,1.0,12.0,False
10440,46.0,0.0,185.0,69.0,142.0,24.17,110.53251631112349,0.0,1.0,0.0,0.0,,353.60982572578797,242.51287790107338,3.7977000336088444,3.595019588050071,1,1,-0.2026804455587734,20.0,2.0,27388.680945,1.0,17.0,False
10488,46.0,0.0,201.0,63.0,130.0,27.7,83.84202987764414,1.0,0.0,1.0,0.0,,50.624071333290196,93.45005327123852,4.721471196677015,5.155783741241436,1,2,0.4343125445644205,23.0,2.0,14115.912517,1.0,19.0,False
10514,49.0,1.0,232.0,48.0,163.33333333333334,27.87,90.26702900367677,0.0,1.0,1.0,0.0,2.0,4.298374198574511,4.783380147453351,5.517968315335379,5.602242553771777,2,2,0.08427423843639836,15.0,1.0,84667.431094,1.0,15.0,False
10520,31.0,0.0,225.0,44.0,114.66666666666667,29.85,103.19249675898193,0.0,0.0,0.0,0.0,,4.345893255580563,2.6039430312908722,0.4506068657834155,0.41720766599966813,0,0,-0.03339919978374739,20.0,2.0,78355.188225,1.0,15.0,False
10592,59.0,0.0,298.0,46.0,136.0,24.08,86.700161782722,0.0,0.0,0.0,0.0,,3.0853381373714797,2.6126636108518246,5.605855526716703,5.474449149845903,2,2,-0.13140637687080048,26.0,1.0,68612.77041,1.0,11.0,False
10732,65.0,0.0,185.0,27.0,116.0,31.44,94.78134144573454,0.0,0.0,0.0,0.0,,4.873954216350963,4.449972308631717,5.756689435602763,5.682582316775509,2,2,-0.0741071188272544,15.0,1.0,46694.63569,1.0,16.0,False
10806,54.0,1.0,228.0,53.0,129.33333333333334,21.97,87.50323528498794,0.0,1.0,0.0,0.0,2.0,5.688525141077039,4.298374198574511,3.1618099716695816,3.0355169219215723,1,1,-0.12629304974800926,16.0,1.0,37665.142064,1.0,14.0,False
10818,34.0,0.0,269.0,56.0,121.33333333333333,29.03,114.93547270008962,0.0,0.0,0.0,0.0,,3.972816554113267,4.055109769464305,0.6530599829721935,0.6550717377569374,0,0,0.0020117547847439132,22.0,2.0,26535.230605,1.0,31.0,False
10827,32.0,0.0,149.0,51.0,115.33333333333333,25.93,120.58801971244091,0.0,0.0,0.0,0.0,,7.40399547540785,9.160333951827175,0.293344304140896,0.30289767547461494,0,0,0.009553371333718919,17.0,1.0,17580.249211,1.0,21.0,False
10842,30.0,0.0,217.0,45.0,98.0,22.43,92.61426955342189,0.0,0.0,0.0,0.0,,2.7633094442322323,3.809232911546774,0.3836571602421113,0.4026356143134782,0,0,0.018978454071366946,21.0,2.0,58760.881625,1.0,12.0,False
10848,52.0,0.0,190.0,45.0,136.66666666666666,,102.76280487616877,0.0,0.0,0.0,0.0,,3.6800638288015723,4.018010324324711,2.475505409830814,2.507737697457892,0,0,0.03223228762707819,23.0,1.0,20864.371179,1.0,10.0,False
10962,66.0,0.0,228.0,41.0,132.66666666666666,33.26,43.91108306427053,1.0,0.0,1.0,0.0,,30.797148763393242,37.04224244924246,18.484861398320717,18.908675443418996,3,3,0.423814045098279,14.0,1.0,12432.7477,1.0,25.0,False
10973,33.0,1.0,297.0,74.0,123.33333333333333,34.82,99.71150469678942,0.0,0.0,0.0,0.0,2.0,11.171043075432202,6.310588098438852,0.3917739267937054,0.35970094415471815,0,0,-0.032072982638987224,27.0,2.0,6008.421996,1.0,14.0,False
10992,30.0,0.0,135.0,47.0,128.66666666666666,27.2,103.83628170555637,0.0,0.0,0.0,0.0,,13.209653801071248,3.436957337810868,0.39510091597451225,0.32264672005356115,0,0,-0.07245419592095109,16.0,2.0,38272.809755,1.0,44.0,False
11072,42.0,1.0,177.0,71.0,132.66666666666666,22.95,110.66914076204584,0.0,0.0,0.0,0.0,2.0,26.64151302047359,6.330392822021369,0.6116151750660367,0.49351325568283794,0,0,-0.11810191938319875,17.0,1.0,73541.659166,1.0,42.0,False
11092,66.0,0.0,192.0,45.0,137.33333333333334,27.25,66.69531982647538,0.0,0.0,1.0,0.0,,39.392083376400976,4.4300379038626305,10.317759165815648,7.6394044685881335,3,2,-2.6783546972275145,19.0,2.0,61498.141513,1.0,10.0,False
11140,30.0,0.0,152.0,37.0,147.33333333333334,,127.12171591498485,1.0,1.0,0.0,0.0,,262.771480783986,363.8579924676286,7.581961769297315,7.9336192627701205,2,2,0.35165749347280517,18.0,1.0,82008.475581,1.0,8.0,False
11154,46.0,1.0,166.0,38.0,153.33333333333334,37.71,79.84526091763327,0.0,0.0,0.0,0.0,2.0,5.122274913362189,4.9532679984999195,2.0100401672004233,2.000143541568097,0,0,-0.009896625632326295,14.0,1.0,27322.092261,1.0,26.0,False
11230,42.0,1.0,134.0,35.0,132.0,35.74,110.66914076204584,1.0,0.0,1.0,1.0,2.0,156.06083243397552,46.30322876538918,4.2701405186032355,3.5836756896298003,1,1,-0.6864648289734352,22.0,2.0,18200.001204,1.0,36.0,False
11260,69.0,0.0,216.0,57.0,132.66666666666666,22.92,81.47227282710105,0.0,0.0,0.0,0.0,,6.585528094719146,4.406672822184554,7.5355161826693555,7.123541833613035,2,2,-0.4119743490563206,23.0,2.0,4855.518008,1.0,19.0,False
11362,47.0,0.0,196.0,60.0,130.0,26.08,106.00857280356708,0.0,0.0,0.0,0.0,,1.5829127416585744,2.17250818564725,1.1226202751434686,1.1769509320762577,0,0,0.054330656932789045,18.0,2.0,25527.257345,1.0,13.0,False
11373,46.0,0.0,271.0,38.0,121.33333333333333,37.35,94.00111532617566,0.0,0.0,0.0,0.0,,3.1814188717662413,3.09816669780276,2.023703966058193,2.0157798305654775,0,0,-0.007924135492715312,14.0,1.0,22755.789221,1.0,9.0,False
11383,52.0,1.0,276.0,45.0,114.0,20.94,88.5984503448326,0.0,1.0,0.0,0.0,2.0,10.688265426403847,10.826110783797063,3.113292494341638,3.119100388366893,1,1,0.005807894025255056,20.0,2.0,33475.30312,1.0,23.0,False
11400,69.0,0.0,216.0,55.0,126.66666666666667,27.49,81.47227282710105,0.0,0.0,0.0,0.0,,4.15383789902135,3.338576490849238,6.848840976839241,6.641324322037579,2,2,-0.20751665480166182,23.0,1.0,40120.631646,1.0,15.0,False
11412,68.0,0.0,220.0,51.0,118.66666666666667,24.53,93.02931609009187,1.0,0.0,1.0,0.0,,284.1474718027524,33.443023446000204,18.72915443183765,14.29735940156326,3,3,-4.43179503027439,24.0,1.0,9355.299033,1.0,9.0,False
11437,52.0,1.0,238.0,65.0,136.66666666666666,21.51,107.93210283621393,0.0,1.0,0.0,0.0,2.0,13.139038972638902,8.129209515092304,2.922828978824965,2.7251120434667446,0,0,-0.19771693535822044,26.0,2.0,53086.263367,1.0,25.0,False
11490,61.0,1.0,226.0,59.0,152.66666666666666,31.36,72.73342360634128,0.0,0.0,0.0,0.0,,12.146203364557163,21.00823026126056,4.601171361579103,4.97599562881521,1,1,0.3748242672361073,28.0,1.0,12719.451263,1.0,33.0,False
11516,37.0,0.0,158.0,42.0,100.66666666666667,24.47,99.41274708149578,0.0,0.0,0.0,0.0,,5.003437143777028,2.6805900407271475,0.5272744157367143,0.4800803980004183,0,0,-0.047194017736296,19.0,1.0,90254.635948,1.0,8.0,False
11546,42.0,1.0,207.0,59.0,100.66666666666667,,114.85785841899782,1.0,1.0,0.0,0.0,2.0,7.381224399955898,8.770019674278199,2.3496126777993154,2.4097320441558954,0,0,0.060119366356579995,24.0,2.0,39569.020024,1.0,14.0,False
11592,55.0,1.0,239.0,87.0,106.66666666666667,27.52,86.96071522622101,0.0,0.0,0.0,0.0,2.0,3.1376783701436604,5.773817522171459,0.857396368388312,0.9388262338098852,0,0,0.08142986542157316,27.0,1.0,25863.773734,1.0,13.0,False
11630,42.0,0.0,220.0,70.0,141.33333333333334,27.97,85.95394511245107,0.0,1.0,0.0,0.0,,3.181357116291242,3.222155513843833,1.7664356365890355,1.7697777370786874,0,0,0.003342100489651889,20.0,2.0,27498.919173,1.0,22.0,False
11634,52.0,1.0,194.0,60.0,115.33333333333333,24.89,76.92067716706174,0.0,0.0,0.0,0.0,2.0,4.441710136920969,6.085319773988953,1.0514699672590404,1.101799408391789,0,0,0.05032944113274862,19.0,1.0,67562.348104,1.0,21.0,False
11639,52.0,0.0,230.0,49.0,112.66666666666667,26.49,90.55802889550912,0.0,0.0,0.0,0.0,,4.326671144902929,3.9157334168689792,1.9426298058978275,1.9141302251366732,0,0,-0.02849958076115433,25.0,1.0,10630.654187,1.0,9.0,False
11786,63.0,0.0,209.0,33.0,118.0,28.09,99.44270469443084,1.0,1.0,0.0,0.0,,17.610299894243003,19.550408362654494,13.01131768801243,13.19099061969606,3,3,0.17967293168362986,27.0,2.0,7286.355494,1.0,8.0,False
11931,65.0,0.0,143.0,38.0,122.66666666666667,38.71,94.78134144573454,1.0,0.0,0.0,0.0,,8.350779201324919,2.006302330893211,7.948291417181823,6.508635924931621,2,2,-1.4396554922502016,25.0,2.0,26988.640278,1.0,22.0,False
11954,50.0,0.0,210.0,56.0,112.66666666666667,27.31,81.78200505872415,0.0,0.0,0.0,0.0,,7.644248439987278,5.721882846531108,1.5130025676909602,1.4491885148850505,0,0,-0.06381405280590968,18.0,2.0,81134.889187,1.0,13.0,False
12013,30.0,1.0,192.0,56.0,92.66666666666667,31.41,101.58937601542708,0.0,0.0,0.0,0.0,2.0,3.6783814317630084,4.266807996457871,0.15773382014376128,0.1612813626605762,0,0,0.003547542516814911,18.0,1.0,91522.054289,1.0,34.0,False
12021,50.0,1.0,228.0,58.0,126.66666666666667,52.89,89.70737342385397,0.0,0.0,0.0,0.0,2.0,3.312394755468933,1.9906213297919226,1.2076057845085089,1.119725089803286,0,0,-0.08788069470522286,23.0,1.0,25814.770928,1.0,9.0,False
12052,44.0,0.0,211.0,49.0,127.33333333333333,26.51,35.03173270609977,0.0,0.0,1.0,0.0,,364.02588623896236,272.0229410129701,5.552864395549837,5.326596578467139,2,2,-0.2262678170826975,25.0,2.0,22395.276387,1.0,16.0,False
12064,62.0,0.0,205.0,51.0,145.33333333333334,28.9,100.06309588894229,1.0,0.0,0.0,1.0,,16.276398598311488,39.93231069501511,9.868885737904543,11.141641879027253,2,3,1.2727561411227093,23.0,2.0,49482.618262,1.0,32.0,False
12148,45.0,1.0,171.0,47.0,144.66666666666666,39.06,112.73472028679367,0.0,0.0,0.0,0.0,2.0,39.68731980181864,59.77775097127504,1.6719146795944766,1.7760642777388713,0,0,0.10414959814439473,28.0,1.0,12388.915245,1.0,14.0,False
12170,32.0,0.0,130.0,48.0,104.0,21.74,120.58801971244091,0.0,0.0,0.0,0.0,,3.02614986864182,3.6448235911871385,0.2308247739477147,0.2373849325194743,0,0,0.0065601585717595945,24.0,2.0,22326.44745,1.0,6.0,False
12205,52.0,1.0,292.0,54.0,130.0,29.45,88.5984503448326,0.0,0.0,0.0,0.0,3.0,5.403115038006647,7.118221090634971,2.102422115170104,2.189313405933475,0,0,0.08689129076337121,18.0,2.0,78536.315892,1.0,18.0,True
12270,37.0,0.0,150.0,55.0,103.33333333333333,21.89,88.6688044296479,0.0,1.0,0.0,0.0,,18.87061564354546,6.59610867846168,0.8223008329309976,0.7024584271401569,0,0,-0.11984240579084071,22.0,2.0,85435.353279,1.0,22.0,False
12305,36.0,0.0,175.0,39.0,115.33333333333333,23.76,113.5146909581791,0.0,0.0,0.0,0.0,,1.8381093408465214,2.2399841393992945,0.4806242904172198,0.49511946028138487,0,0,0.014495169864165047,21.0,1.0,72761.392333,1.0,33.0,False
12331,64.0,0.0,240.0,42.0,138.66666666666666,22.25,67.53009717450384,0.0,0.0,0.0,0.0,,29.990911112196702,5.780669432918471,9.187004820561832,7.312644734880382,2,2,-1.8743600856814497,27.0,2.0,51668.101963,1.0,12.0,False
12358,35.0,1.0,209.0,80.0,110.66666666666667,20.44,115.59354724258125,0.0,0.0,0.0,0.0,2.0,7.560815253122945,9.189541190973909,0.15164191656279724,0.1561416570190152,0,0,0.004499740456217954,17.0,1.0,58240.558018,1.0,9.0,False
12361,40.0,1.0,188.0,46.0,114.0,48.45,112.05430679879757,0.0,0.0,0.0,0.0,2.0,7.790914704266581,3.471480290462604,0.5000248082846783,0.44313495050247786,0,0,-0.05688985778220046,17.0,2.0,76162.204841,1.0,13.0,False
12369,56.0,1.0,248.0,42.0,112.66666666666667,46.5,75.03071214255642,0.0,1.0,0.0,0.0,2.0,1.7210694813924141,3.4488415453573866,2.923894494690238,3.2350816833414036,0,1,0.3111871886511657,18.0,1.0,63539.460261,1.0,8.0,False
12451,57.0,0.0,221.0,55.0,137.33333333333334,28.58,99.61641579295177,0.0,0.0,1.0,1.0,,4.707532479765885,6.4684919510203995,4.167195933876053,4.363105025406432,1,1,0.19590909153037828,22.0,1.0,58156.660268,1.0,27.0,False
12570,55.0,0.0,223.0,37.0,120.0,30.74,100.86324282087661,0.0,0.0,0.0,0.0,,7.207198520815245,6.885814012376553,3.3023431107483905,3.2804167784445686,1,1,-0.021926332303821905,21.0,2.0,81134.889187,1.0,13.0,False
12591,36.0,0.0,146.0,32.0,118.66666666666667,25.93,80.37585156158794,0.0,0.0,0.0,0.0,,13.43843188369161,3.9899825640926525,0.7072721484532843,0.5894726030570677,0,0,-0.11779954539621662,23.0,2.0,60088.983937,1.0,14.0,False
12618,62.0,1.0,234.0,39.0,121.33333333333333,38.18,72.28247637998194,0.0,0.0,0.0,0.0,,14.548343441329118,7.752179763655967,4.310430864187821,3.937044301385633,1,1,-0.37338656280218796,23.0,1.0,39909.796492,1.0,17.0,False
12651,60.0,1.0,197.0,49.0,122.0,23.76,73.18718414805923,1.0,0.0,1.0,1.0,,12.603822665069261,12.016034771615601,6.8319029212351,6.78640871206987,2,2,-0.045494209165229726,16.0,1.0,17468.491653,1.0,9.0,False
12656,38.0,0.0,187.0,27.0,101.33333333333333,24.4,98.7963880495905,0.0,0.0,0.0,0.0,,4.469555467989102,7.046550715173732,0.8591130641320284,0.9196887596894706,0,0,0.060575695557442244,25.0,2.0,47390.285388,1.0,14.0,False
12694,38.0,0.0,190.0,35.0,132.66666666666666,32.31,79.38228064995828,0.0,0.0,0.0,0.0,,2.64098413499503,2.5465960133126706,1.0589620889230487,1.0532193690594411,0,0,-0.005742719863607526,26.0,1.0,91877.397855,1.0,24.0,False
12710,44.0,0.0,160.0,50.0,110.66666666666667,34.17,76.47465500750884,0.0,0.0,0.0,0.0,,3.592296337623496,6.4987459104488785,0.7069156780758603,0.7726061209801582,0,0,0.06569044290429793,20.0,2.0,102442.095846,1.0,19.0,False
12716,61.0,0.0,145.0,27.0,124.66666666666667,26.08,104.83070611929934,0.0,1.0,0.0,0.0,,6.10304174300469,5.318089507830136,5.917238404350822,5.802555456725861,2,2,-0.11468294762496178,23.0,1.0,40587.273816,1.0,13.0,False
12720,37.0,0.0,189.0,35.0,124.0,32.68,116.8958586309369,0.0,1.0,0.0,0.0,,12.445545890333419,8.170853516207561,1.7073678878384502,1.603938819107537,0,0,-0.10342906873091318,22.0,2.0,27847.492117,1.0,20.0,False
12723,67.0,1.0,180.0,58.0,147.33333333333334,40.64,70.06933326011556,0.0,0.0,1.0,1.0,,3.700970547384255,3.213914839196323,5.356819462463397,5.2504347045010595,2,2,-0.1063847579623376,18.0,1.0,53676.366006,1.0,25.0,False
12733,58.0,1.0,285.0,45.0,101.33333333333333,23.68,103.97875018269289,1.0,0.0,0.0,0.0,2.0,325.06293200627806,406.7842848355903,8.496353632683807,8.761779998957063,2,2,0.2654263662732568,27.0,2.0,77213.837678,1.0,7.0,False
12758,55.0,1.0,218.0,63.0,107.0,28.9,75.49880473189417,0.0,0.0,1.0,1.0,2.0,2.3997877945411927,1.8977971723660056,1.4659740076615289,1.415943312393185,0,0,-0.050030695268343806,18.0,2.0,31506.414658,1.0,13.0,False
12963,60.0,0.0,161.0,54.0,139.33333333333334,22.82,86.16262077966914,1.0,0.0,0.0,1.0,,5.298303314037657,1.9402636291906061,5.394520368872544,4.670701067037809,2,1,-0.7238193018347348,18.0,1.0,42917.372895,1.0,21.0,False
12980,59.0,1.0,215.0,48.0,108.66666666666667,23.39,73.6437755565096,0.0,0.0,0.0,1.0,2.0,15.326642425673992,4.329486857413615,2.5813829578529983,2.144747720430823,0,0,-0.43663523742217514,18.0,1.0,65378.402655,1.0,25.0,False
12991,44.0,1.0,184.0,52.0,112.66666666666667,31.04,93.118117274328,0.0,1.0,0.0,0.0,2.0,3.548123431385572,11.25473361456642,0.942498962878746,1.1188414497006378,0,0,0.1763424868218918,27.0,1.0,91311.478775,1.0,14.0,False
13015,53.0,0.0,302.0,40.0,115.33333333333333,29.83,80.27027137451356,0.0,1.0,0.0,0.0,,5.7811937913090725,6.63661266458988,5.209877635519682,5.313749376189874,2,2,0.10387174067019256,24.0,2.0,80098.840049,1.0,11.0,False
13075,65.0,0.0,220.0,56.0,121.33333333333333,28.74,83.5244957330708,0.0,0.0,0.0,0.0,,2.769254481330063,6.1350235491678085,4.669052759289503,5.233767985403186,1,2,0.564715226113683,27.0,2.0,6175.295266,1.0,21.0,False
13203,60.0,1.0,184.0,59.0,129.33333333333334,18.97,98.94831465668567,0.0,1.0,0.0,0.0,,25.207577667773922,67.68443506374655,4.5071041744181635,5.190104008760288,1,2,0.6829998343421249,23.0,1.0,45654.802853,1.0,11.0,False
13205,68.0,1.0,224.0,70.0,165.33333333333334,24.93,94.14566788317298,0.0,0.0,1.0,0.0,,3.0774783216886497,6.025128433276167,6.102046149642218,6.706154555665077,2,2,0.604108406022859,16.0,1.0,61143.084882,1.0,20.0,False
13284,64.0,1.0,182.0,49.0,112.0,34.27,62.91033808349109,0.0,0.0,1.0,1.0,,14.895268185462527,11.761648073425055,4.39758976782327,4.250901668134528,1,1,-0.14668809968874186,27.0,1.0,56135.315571,1.0,18.0,False
13321,63.0,1.0,179.0,60.0,118.0,24.51,71.83432502642606,0.0,0.0,0.0,0.0,,5.953772691108247,4.068894468644344,2.7267307874893296,2.5791880158857836,0,0,-0.147542771603546,14.0,2.0,39909.796492,1.0,23.0,False
13326,63.0,1.0,302.0,32.0,132.66666666666666,27.41,71.83432502642606,0.0,0.0,0.0,0.0,,6.817050366233259,10.113866653284099,5.805420262734483,6.1378624251661815,2,2,0.33244216243169866,27.0,2.0,51211.025617,1.0,24.0,False
13340,44.0,1.0,190.0,38.0,110.66666666666667,33.24,80.84462662027741,0.0,1.0,0.0,0.0,2.0,3.017245430136872,7.00792634179413,1.237344375951558,1.4018704424253774,0,0,0.1645260664738193,26.0,2.0,21919.545831,1.0,20.0,False
13356,47.0,1.0,203.0,55.0,140.0,38.28,111.34114327788527,0.0,0.0,0.0,0.0,2.0,9.850523631805835,5.771173022661349,1.3761992438637694,1.2714081205685666,0,0,-0.10479112329520279,14.0,2.0,40722.959756,1.0,12.0,False
13388,31.0,0.0,190.0,45.0,107.33333333333333,28.76,75.32100352747095,0.0,0.0,1.0,0.0,,5.018152911244491,4.588750097893336,0.43490710435638186,0.42909681368454583,0,0,-0.005810290671836027,18.0,2.0,31055.92454,1.0,8.0,False
13413,37.0,1.0,214.0,51.0,118.66666666666667,36.24,118.48564916989523,0.0,0.0,0.0,0.0,2.0,3.6113250353502453,12.1918921580609,0.40184117581621015,0.4819809080164558,0,0,0.08013973220024567,28.0,1.0,31529.613215,1.0,44.0,False
13417,34.0,0.0,196.0,59.0,119.33333333333333,29.61,101.28499188432974,0.0,0.0,0.0,0.0,,3.3192732573504378,7.37944021322708,0.3829803581342372,0.4318767781733058,0,0,0.04889642003906858,22.0,1.0,76962.748125,1.0,27.0,False
13428,48.0,0.0,180.0,46.0,123.33333333333333,21.55,74.59564888654876,0.0,1.0,0.0,0.0,,3.5496772706638042,7.328524656048039,2.2541625536642313,2.5083923614593377,0,0,0.2542298077951064,15.0,1.0,24268.155433,1.0,15.0,False
13442,32.0,0.0,234.0,47.0,118.0,28.5,116.37403734517422,0.0,0.0,0.0,0.0,,3.1023103090439768,2.4366239509018968,0.49118202813575657,0.47367308224327764,0,0,-0.017508945892478922,22.0,1.0,75048.888508,1.0,28.0,False
13555,41.0,1.0,243.0,54.0,125.33333333333333,32.9,111.35957009664503,0.0,0.0,0.0,0.0,2.0,2.7464970388691485,6.052834891402992,0.6682972809038258,0.7518358233485167,0,0,0.08353854244469094,22.0,2.0,112389.236952,1.0,30.0,False
13633,56.0,0.0,209.0,49.0,125.33333333333333,28.76,88.33298988644091,0.0,0.0,0.0,1.0,,6.506642870921212,5.547192080318114,3.0055998934640895,2.9361593548845675,1,0,-0.06944053857952204,19.0,1.0,65120.274319,1.0,21.0,False
13655,49.0,0.0,139.0,39.0,129.33333333333334,24.74,104.69814147034143,0.0,1.0,0.0,0.0,,7.88093707383855,10.415790245065281,2.6969303932342688,2.809670579836113,0,0,0.11274018660184426,20.0,2.0,26926.903218,1.0,29.0,False
13672,58.0,0.0,209.0,57.0,115.33333333333333,32.53,98.99879401503546,0.0,0.0,0.0,0.0,,3.7382445596755765,5.332949604086452,2.538353901050277,2.6745171576204303,0,0,0.13616325657015338,21.0,1.0,25774.338017,1.0,14.0,False
13686,51.0,1.0,247.0,39.0,124.0,26.0,104.64475602201932,0.0,0.0,0.0,0.0,2.0,11.04095227752422,7.614183540453612,2.095039990502952,1.983623063359775,0,0,-0.11141692714317708,15.0,2.0,29829.519692,1.0,10.0,False
13745,47.0,1.0,186.0,62.0,138.66666666666666,35.11,79.35022029994394,0.0,0.0,0.0,0.0,2.0,7.003644670909171,16.81697399494684,1.1315258235910768,1.288499491606189,0,0,0.15697366801511214,28.0,1.0,11873.837983,1.0,24.0,False
13798,40.0,0.0,199.0,58.0,112.66666666666667,21.86,87.02976882152447,0.0,0.0,0.0,0.0,,8.364694505762678,4.451479847918067,0.6349653276183383,0.5776075164938863,0,0,-0.05735781112445204,25.0,2.0,96040.563499,1.0,9.0,False
13822,51.0,0.0,265.0,63.0,108.66666666666667,23.56,73.21675440925675,0.0,0.0,0.0,0.0,,9.076915710220499,2.7015575190033236,1.8867037347418418,1.576149522619562,0,0,-0.31055421212227974,20.0,1.0,46865.584002,1.0,13.0,False
13837,43.0,1.0,210.0,67.0,127.33333333333333,30.12,93.69905139296438,0.0,0.0,1.0,0.0,2.0,9.8854675587944,6.791676296140468,0.829088535219089,0.7840168024935134,0,0,-0.04507173272557563,17.0,1.0,70547.485991,1.0,14.0,False
13887,34.0,1.0,235.0,60.0,109.33333333333333,22.61,75.81449505967845,0.0,0.0,0.0,0.0,2.0,6.222113627656194,52.98579103343449,0.27937195928282266,0.38491898479005965,0,0,0.10554702550723699,26.0,2.0,79509.905169,1.0,12.0,False
13897,36.0,0.0,179.0,40.0,95.33333333333333,26.2,117.62513446461753,0.0,0.0,0.0,0.0,,3.9063989264268026,4.011235039992627,0.5772322107237355,0.5795318719871237,0,0,0.0022996612633882085,22.0,2.0,26301.789519,1.0,11.0,False
13919,45.0,0.0,204.0,46.0,116.66666666666667,35.1,107.33540586327024,0.0,0.0,0.0,0.0,,6.895368303273969,5.129481298776978,1.218566528234138,1.1659461827371724,0,0,-0.05262034549696559,20.0,1.0,30469.013498,1.0,15.0,False
13922,53.0,1.0,289.0,74.0,136.66666666666666,37.47,103.35118359176776,1.0,1.0,0.0,0.0,2.0,4.377195760221178,3.8785904893026055,5.969321252589933,5.86822720898781,2,2,-0.1010940436021226,26.0,2.0,52360.056556,1.0,18.0,False
14108,57.0,1.0,167.0,49.0,116.66666666666667,26.67,109.32721394112731,0.0,0.0,0.0,0.0,2.0,7.001061643686079,6.5657936403317665,1.7370261178158146,1.7206550151128621,0,0,-0.0163711027029525,23.0,1.0,57407.879371,1.0,18.0,False
14115,66.0,1.0,207.0,75.0,118.66666666666667,27.15,70.50647339516557,0.0,0.0,0.0,1.0,,6.620583589397248,0.7428395948903638,2.950670554563092,2.142430822668652,0,0,-0.8082397318944401,24.0,2.0,14989.259944,1.0,12.0,False
14131,45.0,1.0,196.0,43.0,105.33333333333333,26.98,80.3433899352317,0.0,0.0,0.0,0.0,2.0,5.119769723033943,7.092892408162677,0.768579483085762,0.8068161444790556,0,0,0.038236661393293625,19.0,1.0,98106.110675,1.0,8.0,False
14152,61.0,1.0,193.0,68.0,138.0,48.18,72.73342360634128,0.0,0.0,1.0,0.0,,5.161493120712431,9.54435117405751,3.3452711210902186,3.656850476772411,1,1,0.3115793556821922,20.0,2.0,17629.992068,1.0,31.0,False
14186,30.0,1.0,207.0,46.0,104.66666666666667,27.0,88.19932589872519,0.0,0.0,0.0,0.0,2.0,3.217967464493382,2.6530046642189413,0.21931468273759042,0.21306306395514962,0,0,-0.006251618782440793,19.0,1.0,87779.124663,1.0,15.0,False
14276,67.0,0.0,182.0,46.0,115.33333333333333,21.56,60.211552380850584,0.0,0.0,0.0,0.0,,16.611813779262786,2.8323375115136664,6.595738475189249,5.128807598872732,2,2,-1.4669308763165168,19.0,2.0,53772.335151,1.0,15.0,False
14279,65.0,1.0,244.0,65.0,129.33333333333334,23.25,81.71711529104005,0.0,0.0,0.0,0.0,,7.948895826107065,3.53443891960535,3.87937831469387,3.4502911623299997,1,1,-0.4290871523638704,23.0,1.0,39909.796492,1.0,26.0,False
14285,60.0,1.0,152.0,48.0,134.0,29.75,84.29815414309144,0.0,0.0,0.0,0.0,,9.746495803607587,8.653342289805858,3.096768087794075,3.043622743780804,1,1,-0.05314534401327098,25.0,2.0,3300.828862,1.0,27.0,False
14299,36.0,0.0,172.0,48.0,111.0,23.33,117.62513446461753,0.0,0.0,0.0,0.0,,4.933971822735264,7.487767212741249,0.4143767720903353,0.44119872102206287,0,0,0.02682194893172757,28.0,1.0,17060.19299,1.0,19.0,False
14307,59.0,0.0,207.0,44.0,131.33333333333334,28.65,86.700161782722,0.0,0.0,0.0,0.0,,3.7967141618369764,2.278810786381879,3.9921326436837727,3.706934312238312,1,1,-0.2851983314454607,22.0,1.0,54149.065648,1.0,14.0,False
14324,42.0,0.0,213.0,29.0,96.0,29.96,109.3568584605196,0.0,1.0,0.0,1.0,,2.8844187736889575,3.2943953449703365,2.184289329294288,2.2275817718397026,0,0,0.043292442545414644,23.0,1.0,37572.167078,1.0,12.0,False
14329,64.0,1.0,192.0,45.0,154.0,27.11,100.17020150122842,0.0,0.0,0.0,0.0,,6.866117916816256,6.629267742201831,5.288535363225131,5.262201090707698,2,2,-0.026334272517432922,17.0,1.0,2867.153379,1.0,21.0,False
14352,68.0,0.0,235.0,59.0,139.0,36.54,81.98055225105762,1.0,0.0,1.0,0.0,,14.531210901679838,9.597329021412024,14.287867042714707,13.53777589533821,3,3,-0.7500911473764962,14.0,1.0,10512.423217,1.0,8.0,False
14500,61.0,0.0,230.0,46.0,136.0,41.24,76.37419935789183,0.0,0.0,1.0,1.0,,0.9759626147679782,4.039678122344084,5.200713570421066,6.365770297144252,2,2,1.1650567267231855,25.0,2.0,49877.713392,1.0,26.0,False
14519,46.0,1.0,158.0,40.0,125.33333333333333,31.8,112.03576502101555,0.0,0.0,0.0,0.0,2.0,5.499522389203433,4.057867507518619,0.9562447473421978,0.9139748322367435,0,0,-0.0422699151054543,18.0,2.0,34192.450661,1.0,10.0,False
14563,67.0,1.0,261.0,71.0,118.0,23.7,70.06933326011556,0.0,0.0,0.0,1.0,,5.6680436665292415,4.740587175717903,3.8584716452916923,3.760187138414379,1,1,-0.0982845068773135,21.0,2.0,25426.265556,1.0,21.0,False
14594,48.0,1.0,210.0,53.0,135.33333333333334,20.43,90.83017609546867,0.0,0.0,0.0,0.0,2.0,6.6280175048114645,7.0376540865454835,1.41657247914689,1.4291999043247239,0,0,0.012627425177833773,15.0,2.0,87058.888595,1.0,16.0,False
14601,61.0,1.0,200.0,70.0,159.33333333333334,29.88,98.33483510581422,0.0,0.0,1.0,0.0,,45.99991569338968,33.03474019553464,5.408964277790636,5.16023163932015,2,2,-0.24873263847048577,27.0,2.0,5824.480592,1.0,21.0,False
14609,46.0,1.0,148.0,60.0,104.66666666666667,31.42,79.84526091763327,0.0,0.0,0.0,0.0,2.0,2.2282453392997965,4.943829607805314,0.433008108236305,0.48776911551369534,0,0,0.05476100727739036,19.0,1.0,94111.821069,1.0,9.0,False
14621,44.0,1.0,217.0,63.0,118.0,32.92,80.84462662027741,0.0,0.0,0.0,0.0,2.0,2.7331842550165506,4.607204460131319,0.5574060490194926,0.6025834698047599,0,0,0.04517742078526721,17.0,2.0,73061.338839,1.0,20.0,False
14649,49.0,0.0,158.0,44.0,126.0,26.94,108.48933177452405,0.0,1.0,0.0,0.0,,10.023951463928636,3.622574829780606,2.647973436736851,2.2793267691726684,0,0,-0.36864666756418263,20.0,1.0,14270.442909,1.0,14.0,False
14652,55.0,1.0,188.0,73.0,123.0,22.67,86.96071522622101,0.0,0.0,0.0,0.0,2.0,4.827871113595553,3.6370858603322795,1.2093566316961644,1.159598885939438,0,0,-0.049757745756726424,16.0,1.0,31305.486448,1.0,21.0,False
14664,53.0,1.0,221.0,59.0,109.33333333333333,26.29,103.35118359176776,0.0,0.0,0.0,0.0,2.0,15.375995562264942,11.25651176022149,1.2915687095856876,1.233223380596724,0,0,-0.058345328988963496,23.0,1.0,60664.418144,1.0,14.0,False
14787,33.0,1.0,172.0,45.0,133.33333333333334,46.84,121.4702101109062,1.0,0.0,0.0,0.0,2.0,6.817050056686025,6.742009997311845,1.6282689952446585,1.6256095630528684,0,0,-0.002659432191790101,24.0,1.0,35392.268067,1.0,14.0,False
14844,51.0,0.0,183.0,63.0,123.33333333333333,26.76,91.12299144245233,0.0,0.0,0.0,0.0,,6.359945304470381,6.591772810407085,1.511861161975744,1.519932521202988,0,0,0.00807135922724389,17.0,2.0,60953.124802,1.0,20.0,False
14852,67.0,1.0,212.0,47.0,148.66666666666666,19.72,61.7474456220309,1.0,0.0,0.0,0.0,,707.2675530758636,818.7008790480392,18.460275983044045,18.793185072560373,3,3,0.3329090895163276,27.0,2.0,64141.274123,1.0,7.0,False
14867,63.0,1.0,279.0,69.0,126.0,23.44,100.79513131538381,1.0,0.0,0.0,0.0,,20.451151098699775,18.414161042365244,6.271376999945815,6.179428718016559,2,2,-0.0919482819292563,23.0,2.0,48128.901454,1.0,32.0,False
14877,58.0,0.0,133.0,63.0,119.33333333333333,28.28,87.24105633198027,0.0,0.0,1.0,0.0,,5.367794381223881,5.914319751931335,2.4253696571455623,2.460262038461189,0,0,0.034892381315626775,17.0,1.0,61072.938409,1.0,14.0,False
14880,48.0,1.0,242.0,56.0,122.0,30.61,115.62116716318796,0.0,0.0,0.0,0.0,2.0,18.4393388888718,9.738643380333226,1.2601611026828243,1.1463196191520777,0,0,-0.11384148353074663,22.0,1.0,50502.075046,1.0,14.0,False
14887,51.0,0.0,248.0,37.0,114.66666666666667,27.06,73.21675440925675,0.0,1.0,0.0,0.0,,3.331659964917112,3.676128310567212,3.567567586549491,3.6190359283379943,1,1,0.051468341788503125,22.0,2.0,33505.491713,1.0,26.0,False
14968,53.0,0.0,145.0,41.0,174.66666666666666,25.25,89.99656911635697,0.0,0.0,0.0,0.0,,4.0849336619117755,5.147118548610113,4.321201537519408,4.4678280184441475,1,1,0.1466264809247395,21.0,1.0,54337.201787,1.0,31.0,False
14972,31.0,1.0,176.0,58.0,98.66666666666667,30.49,118.50525839536759,0.0,0.0,0.0,0.0,2.0,8.35768122901626,4.061410935100722,0.15596628887655434,0.1399751101856009,0,0,-0.015991178690953428,24.0,1.0,38261.926525,1.0,15.0,False
14980,52.0,0.0,250.0,41.0,142.66666666666666,29.25,102.76280487616877,0.0,0.0,0.0,0.0,,10.869581916491732,9.984390279991851,4.355240273517685,4.302118877800406,1,1,-0.05312139571727936,23.0,1.0,73387.930604,1.0,18.0,False
15077,64.0,1.0,193.0,47.0,150.0,34.49,71.38895221126222,0.0,0.0,0.0,0.0,,11.393479018818043,12.015100261838528,5.696059453102755,5.739049269458993,2,2,0.04298981635623811,16.0,1.0,17468.491653,1.0,13.0,False
15163,31.0,1.0,161.0,74.0,110.0,23.98,77.24231290519683,0.0,0.0,0.0,0.0,3.0,3.158557804986728,1.8867493997138043,0.08682348340345446,0.08036590684639391,0,0,-0.006457576557060543,23.0,2.0,78323.941113,1.0,26.0,True
15178,52.0,0.0,221.0,30.0,110.0,29.19,72.76281053191936,0.0,0.0,0.0,0.0,,3.41584199420337,3.4479597120708134,2.316586245987651,2.3197864159633674,0,0,0.0032001699757162605,15.0,1.0,68873.707331,1.0,15.0,False
15203,67.0,1.0,252.0,67.0,163.33333333333334,20.98,70.06933326011556,0.0,0.0,0.0,0.0,,39.05168133414791,24.68985538279647,8.087014079566615,7.589937126689686,2,2,-0.4970769528769283,16.0,1.0,53449.098936,1.0,15.0,False
15206,41.0,1.0,216.0,90.0,104.66666666666667,22.14,111.35957009664503,0.0,0.0,0.0,0.0,2.0,7.128387914772939,5.71917711737736,0.21902405751966403,0.21191536725100682,0,0,-0.007108690268657208,24.0,2.0,81996.538093,1.0,22.0,False
15221,47.0,0.0,243.0,36.0,122.66666666666667,27.83,75.06102725553306,0.0,0.0,0.0,0.0,,3.110333959845317,7.523578656873666,2.037375881397857,2.3213437755859987,0,0,0.28396789418814183,20.0,1.0,15166.488871,1.0,14.0,False
15287,56.0,1.0,165.0,37.0,147.33333333333334,48.47,101.44074540397182,1.0,0.0,0.0,0.0,2.0,6.146584068140192,8.209581146738891,6.469720234838307,6.737643453752067,2,2,0.2679232189137606,26.0,2.0,20321.13166,1.0,24.0,False
15390,30.0,0.0,150.0,32.0,146.0,29.03,92.61426955342189,0.0,1.0,0.0,0.0,,2.8886812150303864,9.32670295170272,1.4053397745169942,1.672893244198924,0,0,0.2675534696819297,18.0,1.0,82008.475581,1.0,13.0,False
15477,36.0,0.0,199.0,56.0,120.0,28.74,117.62513446461753,0.0,0.0,0.0,0.0,,4.188873218294906,2.807597686700116,0.49857084061078616,0.4694771503238166,0,0,-0.029093690286969565,18.0,1.0,83414.864095,1.0,18.0,False
15497,48.0,0.0,247.0,42.0,110.66666666666667,23.59,74.59564888654876,0.0,0.0,0.0,0.0,,3.965272516119133,2.1562850282443478,1.6824634908622604,1.5368687308976334,0,0,-0.145594759964627,24.0,2.0,94040.361366,1.0,22.0,False
15552,45.0,0.0,210.0,37.0,121.33333333333333,27.91,107.33540586327024,0.0,0.0,0.0,0.0,,4.56838551942744,5.609944533495457,1.499872792555136,1.5463881363062295,0,0,0.04651534375109345,26.0,2.0,79379.596897,1.0,14.0,False
15568,57.0,1.0,196.0,57.0,132.66666666666666,26.28,100.81181278246719,0.0,0.0,0.0,0.0,2.0,9.81740293361705,4.323581971216013,2.306595404421496,2.044876354109604,0,0,-0.2617190503118918,26.0,1.0,68198.647477,1.0,11.0,False
15594,54.0,1.0,162.0,65.0,117.33333333333333,32.02,102.7104062534988,0.0,0.0,0.0,0.0,2.0,2.882679838025617,4.355667751889483,0.9408025783084317,1.0003407475441817,0,0,0.05953816923574995,17.0,1.0,59303.700564,1.0,14.0,False
15596,39.0,0.0,192.0,34.0,122.66666666666667,29.86,111.41638116678901,0.0,0.0,0.0,0.0,,6.813532356069773,3.7660961082938273,1.037621845031653,0.9496065228391777,0,0,-0.08801532219247532,17.0,1.0,55418.37022,1.0,14.0,False
15614,62.0,0.0,167.0,58.0,121.33333333333333,,96.56636277485984,0.0,1.0,1.0,0.0,,31.844188906507085,67.51543209876543,7.067823348606232,7.850498776792434,2,2,0.7826754281862023,14.0,1.0,11288.447849,1.0,15.0,False
15740,53.0,0.0,175.0,40.0,136.66666666666666,32.6,105.82371506212196,1.0,1.0,1.0,0.0,,6.659942724492569,4.026853538339255,9.691947985799919,9.047023486960123,2,2,-0.6449244988397957,20.0,2.0,27309.364317,1.0,21.0,False
15782,47.0,0.0,271.0,56.0,124.66666666666667,27.97,93.41830841115338,0.0,0.0,0.0,0.0,,3.3974208464737967,2.2524066810238117,1.7429075686861053,1.6397397683675765,0,0,-0.10316780031852879,23.0,1.0,89382.404687,1.0,14.0,False
15983,31.0,0.0,194.0,62.0,113.33333333333333,22.24,117.1000577029324,0.0,0.0,0.0,0.0,,4.969124499077837,7.663321212836996,0.25190287286459534,0.268886656943865,0,0,0.016983784079269648,23.0,1.0,71692.259508,1.0,17.0,False
16026,68.0,0.0,231.0,40.0,140.0,28.11,81.98055225105762,0.0,0.0,0.0,0.0,,3.3996902116396117,2.652835410389359,8.430201851187178,8.145509212242407,2,2,-0.2846926389447706,18.0,1.0,43238.242298,1.0,25.0,False
16077,50.0,0.0,252.0,40.0,133.0,26.57,104.0490129932253,0.0,0.0,0.0,0.0,,4.2399943795984925,5.53683631019595,2.9455718721078363,3.0629866702607247,0,1,0.11741479815288836,28.0,2.0,23947.144374,1.0,33.0,False
16091,50.0,1.0,255.0,48.0,134.0,25.83,105.29760114914401,0.0,0.0,0.0,0.0,2.0,267.28371301223774,5.818124315698318,3.341119337277228,1.9087531551062258,1,0,-1.432366182171002,23.0,1.0,78751.148405,1.0,18.0,False
16105,54.0,1.0,234.0,65.0,132.0,20.76,87.50323528498794,0.0,0.0,0.0,0.0,2.0,5.810515500266037,4.660908173306561,1.74500976367011,1.6891622676797657,0,0,-0.05584749599034433,17.0,1.0,77735.463273,1.0,14.0,False
16113,46.0,1.0,208.0,42.0,121.33333333333333,50.51,112.03576502101555,0.0,0.0,1.0,0.0,2.0,132.98803059458209,125.79299779860187,2.091359801945281,2.074330409646078,0,0,-0.01702939229920286,27.0,1.0,58280.730565,1.0,14.0,False
16134,43.0,1.0,217.0,72.0,102.66666666666667,36.26,81.34899036051259,0.0,0.0,0.0,0.0,2.0,6.552327898649057,4.241732333376524,0.4154230237295935,0.3892725263778259,0,0,-0.02615049735176761,20.0,2.0,42948.557586,1.0,19.0,False
16170,34.0,1.0,160.0,57.0,98.66666666666667,23.3,99.09329336766932,0.0,0.0,0.0,0.0,2.0,4.969703032659114,3.28258291131982,0.1836965869492325,0.17262755331906723,0,0,-0.01106903363016526,24.0,2.0,47919.948315,1.0,14.0,False
16211,49.0,0.0,187.0,32.0,141.33333333333334,26.13,67.34385309196786,0.0,1.0,0.0,0.0,,4.540611224196797,6.698164207655231,4.370894070786178,4.622961879886569,1,1,0.2520678091003914,27.0,1.0,93798.712029,1.0,14.0,False
16239,60.0,1.0,238.0,63.0,107.33333333333333,26.05,47.075400845371156,0.0,0.0,1.0,1.0,,821.182502804038,685.0388425729313,7.393091813480349,7.208927454767114,2,2,-0.1841643587132351,21.0,2.0,47760.375716,1.0,22.0,False
16270,41.0,1.0,225.0,70.0,126.66666666666667,27.61,94.87181502672615,0.0,1.0,0.0,0.0,2.0,5.145149398164777,4.509825390756933,0.9232572721454704,0.9053335025697612,0,0,-0.01792376957570918,17.0,2.0,11864.419855,1.0,21.0,False
16287,49.0,1.0,205.0,43.0,122.66666666666667,27.3,109.96479305478708,1.0,1.0,0.0,0.0,2.0,94.86495004349497,72.33403855393135,7.78995217691319,7.5025278503964135,2,2,-0.28742432651677685,20.0,1.0,17639.947163,1.0,14.0,False
16345,60.0,1.0,139.0,56.0,128.0,35.01,73.18718414805923,0.0,0.0,1.0,0.0,,4.419511828134554,3.2998963847693363,2.812059756050242,2.694649892434343,0,0,-0.11740986361589911,14.0,1.0,15527.516849,1.0,25.0,False
16363,65.0,0.0,211.0,48.0,131.33333333333334,24.71,94.78134144573454,0.0,0.0,0.0,0.0,,2.2268490541025696,2.6719291523752258,5.240933298427051,5.37927755423542,2,2,0.13834425580836918,23.0,1.0,39822.897917,1.0,26.0,False
16386,63.0,0.0,144.0,65.0,150.0,,36.81119216534823,1.0,0.0,0.0,0.0,,167.39034024252874,173.66382624931882,14.062254610627729,14.129531874105114,3,3,0.06727726347738461,19.0,2.0,50649.259458,1.0,10.0,False
16481,57.0,0.0,196.0,45.0,145.33333333333334,22.76,70.53496055256451,0.0,0.0,1.0,0.0,,2.507010944346038,7.513706180436341,4.466512392445749,5.229623131310133,1,2,0.7631107388643841,26.0,2.0,16424.226073,1.0,14.0,False
16489,47.0,0.0,208.0,39.0,120.0,36.99,83.32220929240275,0.0,0.0,0.0,0.0,,3.943807425753374,3.9307107830485624,1.6144391548955992,1.6136415058933609,0,0,-0.000797649002238332,14.0,1.0,24439.091035,1.0,21.0,False
16493,44.0,0.0,255.0,36.0,121.33333333333333,31.57,108.00503709324838,0.0,1.0,0.0,0.0,,2.534373879561123,4.387694048321774,2.6345988078312814,2.8557608665720218,0,0,0.22116205874074035,22.0,1.0,12728.179417,1.0,17.0,False
16539,54.0,0.0,169.0,45.0,120.66666666666667,26.11,89.43859038783556,0.0,1.0,0.0,0.0,,4.735125086764161,9.896875949439758,3.1329196664182244,3.4889720853179216,1,1,0.3560524188996972,26.0,2.0,16339.839364,1.0,16.0,False
16581,33.0,0.0,179.0,42.0,98.66666666666667,24.91,101.91687651874598,0.0,0.0,0.0,0.0,,3.4469210316942487,3.5271221975423535,0.41856936655230503,0.4200195970878349,0,0,0.0014502305355298395,21.0,2.0,56053.322654,1.0,32.0,False
16849,42.0,0.0,206.0,26.0,138.66666666666666,35.64,109.3568584605196,0.0,0.0,0.0,0.0,,19.396670697056425,19.0143870933484,2.5658272345335447,2.5583232611323012,0,0,-0.0075039734012434245,15.0,1.0,84767.32242,1.0,12.0,False
16902,53.0,1.0,252.0,42.0,120.66666666666667,31.47,88.04913995269463,0.0,1.0,0.0,0.0,2.0,15.07952458338868,15.90313908204271,3.7918474573517345,3.8210786469622064,1,1,0.029231189610471997,24.0,2.0,80029.479001,1.0,17.0,False
16918,65.0,1.0,226.0,62.0,137.33333333333334,43.27,50.23466567555501,0.0,1.0,1.0,0.0,,7.444797728529438,44.35394802953912,8.980370831193067,11.424310186101346,2,3,2.443939354908279,16.0,1.0,19671.829977,1.0,19.0,False
16936,35.0,0.0,184.0,61.0,132.0,22.72,100.6570249346469,0.0,0.0,0.0,0.0,,2.396974486271798,5.054559055706296,0.482720837912098,0.5399772613352699,0,0,0.05725642342317189,15.0,1.0,28087.171427,1.0,18.0,False
16978,69.0,1.0,221.0,67.0,108.0,28.22,97.10319268566617,0.0,1.0,0.0,0.0,,7.521803932726133,9.994979894751337,5.46567445896562,5.69041669100026,2,2,0.2247422320346395,18.0,1.0,46226.906517,1.0,26.0,False
16986,61.0,1.0,255.0,64.0,142.0,27.94,98.33483510581422,0.0,0.0,0.0,0.0,,2.180016794818939,7.533065880967599,2.8930070855242174,3.464406066441339,0,1,0.5713989809171216,17.0,1.0,3674.515209,1.0,16.0,False
16994,59.0,0.0,201.0,41.0,99.33333333333333,33.17,86.700161782722,0.0,1.0,0.0,0.0,,3.0863912322228466,0.6866430010840714,4.794156058228336,3.8582904540512675,1,1,-0.9358656041770685,21.0,1.0,50592.807309,1.0,35.0,False
17027,30.0,0.0,152.0,46.0,115.33333333333333,20.55,117.8306074692417,0.0,0.0,0.0,0.0,,9.733594781403246,4.719584711257256,0.29476137747085196,0.2643206323301686,0,0,-0.030440745140683345,15.0,2.0,66751.922285,1.0,9.0,False
17028,69.0,0.0,215.0,44.0,136.0,28.76,81.47227282710105,0.0,0.0,0.0,0.0,,4.998305857049661,6.979413588730478,8.380723664679842,8.776048504074103,2,2,0.3953248393942612,14.0,2.0,51882.708458,1.0,20.0,False
17122,55.0,0.0,203.0,43.0,162.0,32.36,104.51556885895864,1.0,0.0,0.0,0.0,,61.94229559998299,49.20372827935259,12.785447070536433,12.402758263279198,3,3,-0.3826888072572352,16.0,1.0,23869.703464,1.0,10.0,False
17135,61.0,0.0,200.0,31.0,141.33333333333334,26.86,76.37419935789183,0.0,1.0,0.0,0.0,,3.8670168479947757,9.334783026647607,7.999997275088,9.035812117567808,2,2,1.035814842479808,27.0,1.0,8484.671753,1.0,15.0,False
17158,62.0,1.0,296.0,42.0,169.33333333333334,26.9,97.72515912815815,0.0,1.0,0.0,0.0,,9.774147353827978,15.043607865452266,11.208326897742658,11.86892478215382,3,3,0.6605978844111622,24.0,1.0,50957.812596,1.0,24.0,False
17170,39.0,0.0,219.0,80.0,119.33333333333333,29.68,111.41638116678901,0.0,0.0,0.0,0.0,,3.9358062048976405,4.329196285415492,0.44032610815064216,0.44667787331864667,0,0,0.006351765168004508,17.0,2.0,19516.594221,1.0,31.0,False
17216,42.0,0.0,231.0,36.0,136.66666666666666,34.43,70.34042923150217,0.0,0.0,0.0,0.0,,2.9293504207971313,1.892349316906757,1.8449150848897082,1.7291459467803483,0,0,-0.11576913810935996,16.0,2.0,33434.716016,1.0,42.0,False
17428,47.0,0.0,197.0,45.0,135.33333333333334,30.95,93.41830841115338,0.0,0.0,1.0,0.0,,16.394912838977493,21.867183416206032,2.6896271538754797,2.80583227494318,0,0,0.1162051210677002,18.0,2.0,27130.122514,1.0,21.0,False
17442,56.0,1.0,188.0,56.0,124.66666666666667,29.36,110.00927142395582,0.0,0.0,1.0,1.0,2.0,14.961075849584347,2.625805936119437,2.272716717010491,1.7594354232571223,0,0,-0.5132812937533686,26.0,1.0,68198.647477,1.0,21.0,False
17446,59.0,0.0,283.0,58.0,152.0,22.61,86.700161782722,0.0,0.0,1.0,0.0,,3.252359670340523,4.439986045764693,6.469153263021924,6.759445161297765,2,2,0.2902918982758411,20.0,2.0,27357.631341,1.0,31.0,False
17547,44.0,0.0,242.0,48.0,116.66666666666667,47.65,84.8914202627068,0.0,0.0,1.0,0.0,,2.302858538184957,2.4897830117953195,1.4122814100217476,1.4287847756246568,0,0,0.016503365602909215,27.0,1.0,22000.11528,1.0,12.0,False
17551,31.0,1.0,187.0,37.0,124.66666666666667,39.97,122.99056536408828,0.0,0.0,0.0,0.0,2.0,4.822530864197531,106.67677077534833,0.38442584640138,0.6105322226235657,0,0,0.22610637622218566,26.0,1.0,88831.413459,1.0,9.0,False
17603,45.0,0.0,237.0,46.0,129.33333333333334,37.41,115.79895296162347,0.0,0.0,0.0,0.0,,5.2421477355197545,8.213730755817922,1.7412546196510656,1.8611575321784986,0,0,0.1199029125274329,22.0,1.0,14090.357871,1.0,19.0,False
17693,58.0,1.0,201.0,41.0,115.33333333333333,43.03,85.35325350751985,0.0,0.0,1.0,0.0,2.0,6.024862995876706,4.144575490075096,2.970458075707843,2.812798882341868,0,0,-0.157659193365975,23.0,1.0,59775.786991,1.0,8.0,False
17704,67.0,1.0,166.0,37.0,156.66666666666666,28.31,80.70696426734294,0.0,0.0,1.0,0.0,,4.753985746798274,4.9974076975545625,7.68931219192643,7.742691616770627,2,2,0.053379424844197665,18.0,2.0,53999.746594,1.0,21.0,False
17706,35.0,1.0,210.0,55.0,102.0,31.44,119.96864882040761,0.0,1.0,0.0,0.0,2.0,10.840593587572526,15.0948972395165,0.5563993850935085,0.5845849000164131,0,0,0.028185514922904553,28.0,2.0,28712.142989,1.0,16.0,False
17715,31.0,0.0,201.0,78.0,127.33333333333333,23.93,92.04006108219069,0.0,0.0,0.0,0.0,,3.8165878313742327,3.4757436432981246,0.26830257261349105,0.26454900307976503,0,0,-0.00375356953372602,16.0,2.0,38272.809755,1.0,41.0,False
17732,68.0,1.0,240.0,70.0,163.33333333333334,18.29,94.14566788317298,0.0,0.0,0.0,1.0,,7.663321212836996,5.451134460033465,6.154215100815081,5.865425730777096,2,2,-0.28878937003798555,24.0,2.0,54136.549989,1.0,17.0,False
17755,49.0,0.0,143.0,30.0,159.0,35.84,92.2635123866304,1.0,0.0,1.0,0.0,,52.96508706530005,25.980610541931206,10.610136839341063,9.632365981847844,3,2,-0.9777708574932191,28.0,2.0,11191.222422,1.0,21.0,False
17768,68.0,1.0,189.0,49.0,126.0,36.7,69.63490339390283,0.0,0.0,0.0,0.0,,3.6403346644880177,3.178339843633547,4.668317470388461,4.578478124694702,1,1,-0.08983934569375851,19.0,2.0,53889.673153,1.0,10.0,False
17783,56.0,0.0,217.0,59.0,134.0,25.25,88.33298988644091,0.0,1.0,0.0,0.0,,3.1683632447288326,3.8785904893026055,4.078375798687778,4.199548464855292,1,1,0.12117266616751365,15.0,2.0,24397.743037,1.0,7.0,False
17826,30.0,0.0,146.0,49.0,106.0,25.37,117.8306074692417,0.0,1.0,0.0,0.0,,3.9335174223658393,2.538381834437951,0.40037302937376174,0.3748442762220392,0,0,-0.02552875315172254,21.0,2.0,54711.649912,1.0,14.0,False
17897,59.0,0.0,225.0,65.0,128.66666666666666,30.01,98.38500149214225,0.0,0.0,0.0,0.0,,10.248104730776431,5.238488257162957,3.632479319667707,3.2939493014511196,1,1,-0.33853001821658735,23.0,1.0,61032.790945,1.0,8.0,False
17940,38.0,0.0,187.0,62.0,128.66666666666666,39.67,88.11905784218409,0.0,1.0,0.0,0.0,,2.495322794319077,13.405820715946351,0.9802877286147366,1.2600429188440683,0,0,0.2797551902293317,20.0,1.0,21251.042323,1.0,9.0,False
17946,35.0,1.0,193.0,51.0,114.0,33.19,119.96864882040761,0.0,1.0,0.0,0.0,2.0,6.492266868540469,6.277794853430662,0.5578064857899113,0.5550161031289567,0,0,-0.00279038266095466,26.0,1.0,92848.477965,1.0,12.0,False
17965,40.0,0.0,159.0,40.0,142.66666666666666,48.07,114.7350482312626,0.0,0.0,1.0,0.0,,10.127218295936009,10.597741154473253,1.61362052639599,1.6245441768898123,0,0,0.010923650493822379,27.0,2.0,112092.207923,1.0,10.0,False
18006,53.0,0.0,173.0,41.0,105.33333333333333,32.07,72.31168110662146,0.0,0.0,1.0,0.0,,34.886802091965336,32.84865255262311,3.252208737937662,3.2237278245049006,1,1,-0.02848091343276149,21.0,1.0,54337.201787,1.0,47.0,False
18043,45.0,0.0,245.0,39.0,110.66666666666667,22.4,115.79895296162347,0.0,0.0,0.0,0.0,,4.016044931738002,5.876440648341961,1.3551980597813202,1.4342292638025222,0,0,0.079031204021202,25.0,1.0,9833.676985,1.0,8.0,False
18051,51.0,1.0,265.0,48.0,142.66666666666666,43.35,68.2079689795163,0.0,0.0,1.0,0.0,2.0,12.287848820535478,4.835227599813939,3.6050150724673964,3.1488311642895135,1,1,-0.4561839081778829,22.0,2.0,94400.446973,1.0,35.0,False
18070,43.0,0.0,205.0,30.0,110.66666666666667,24.91,95.77144262118296,1.0,1.0,0.0,0.0,,2.413231726576976,4.628880858724635,4.192329572892465,4.605683855718428,1,1,0.41335428282596265,27.0,2.0,50500.969214,1.0,19.0,False
18093,39.0,1.0,180.0,72.0,103.33333333333333,19.77,112.75337774079048,0.0,1.0,0.0,0.0,2.0,7.062543465034663,64.6979691620732,0.41364002980951625,0.5758654400833416,0,0,0.16222541027382537,24.0,1.0,77978.9807,1.0,17.0,False
18209,65.0,1.0,225.0,81.0,176.66666666666666,32.2,81.71711529104005,0.0,0.0,0.0,0.0,,8.512585563691815,12.619108536255766,5.527654409909737,5.844505071855609,2,2,0.31685066194587197,28.0,1.0,15013.908977,1.0,45.0,False
18216,31.0,0.0,151.0,24.0,116.0,30.04,103.19249675898193,0.0,0.0,0.0,0.0,,1.9998263233467028,3.347395541958397,0.40618318972021766,0.43889621225529885,0,0,0.03271302253508118,28.0,2.0,19496.330497,1.0,8.0,False
18261,41.0,0.0,218.0,35.0,109.33333333333333,22.57,114.02369093222877,0.0,0.0,0.0,0.0,,6.439652271450229,3.905127222702253,1.01634396515699,0.9431028227122595,0,0,-0.07324114244473057,26.0,2.0,77299.650844,1.0,9.0,False
18334,57.0,0.0,178.0,48.0,127.33333333333333,19.84,107.47130971217526,0.0,0.0,1.0,0.0,,6.508448817738291,3.181164984376387,3.59101882985195,3.234980892744706,1,1,-0.35603793710724396,15.0,1.0,12324.693525,1.0,19.0,False
18379,45.0,1.0,191.0,67.0,100.66666666666667,20.85,92.54078494722717,0.0,0.0,0.0,0.0,2.0,6.475591193082943,3.851215418690116,0.4763050496836448,0.44071795408080255,0,0,-0.035587095602842234,24.0,2.0,96451.910583,1.0,14.0,False
18400,34.0,0.0,188.0,60.0,124.66666666666667,23.43,90.33870807018226,0.0,0.0,0.0,0.0,,3.461028788255321,4.997835472340378,0.4167589341720994,0.4404320534918786,0,0,0.023673119319779168,23.0,1.0,71692.259508,1.0,12.0,False
18421,56.0,1.0,218.0,59.0,116.0,34.93,105.28017741258925,0.0,0.0,0.0,0.0,2.0,3.1509671233433245,4.2766657285903005,1.409541251520885,1.474707857885494,0,0,0.06516660636460903,27.0,1.0,68373.430201,1.0,14.0,False
18448,49.0,1.0,216.0,53.0,132.66666666666666,25.5,90.26702900367677,0.0,1.0,0.0,0.0,2.0,5.361096126207603,4.880575957883218,2.382658093005499,2.350088734451001,0,0,-0.03256935855449816,16.0,2.0,113738.103686,1.0,33.0,False
18471,36.0,0.0,286.0,32.0,131.33333333333334,29.36,100.0329513800521,0.0,0.0,0.0,0.0,,18.804509831815334,7.757180978605211,2.1107385154096203,1.8514508510420176,0,0,-0.25928766436760275,16.0,2.0,93662.367817,1.0,42.0,False
18498,43.0,0.0,251.0,44.0,102.66666666666667,31.22,95.77144262118296,0.0,1.0,0.0,0.0,,19.705454869347733,5.432237953135519,2.5616496846385166,2.1182952649551092,0,0,-0.4433544196834074,22.0,1.0,17537.763226,1.0,14.0,False
18514,53.0,0.0,170.0,42.0,101.33333333333333,24.63,89.99656911635697,1.0,0.0,0.0,0.0,,3.8833694217498973,4.475701433893983,3.7601251736349632,3.838473653589863,1,1,0.07834847995489991,14.0,2.0,27785.971632,1.0,28.0,False
18569,52.0,1.0,230.0,50.0,102.66666666666667,29.78,88.5984503448326,0.0,0.0,0.0,0.0,2.0,7.8159752970788245,10.031949577427865,1.3763008219175241,1.42810034605955,0,0,0.05179952414202593,17.0,1.0,31215.689429,1.0,21.0,False
18573,62.0,1.0,191.0,85.0,127.33333333333333,25.93,105.97983593935513,0.0,0.0,0.0,0.0,,10.970204447754456,7.490446469643131,2.133072145223338,2.0167188080157943,0,0,-0.11635333720754382,17.0,2.0,3548.489546,1.0,28.0,False
18580,30.0,0.0,245.0,44.0,120.0,33.4,117.8306074692417,0.0,1.0,0.0,0.0,,4.4133954188908335,3.178339843633547,1.003305129834753,0.9552440346121678,0,0,-0.04806109522258528,17.0,2.0,29134.252335,1.0,25.0,False
18617,67.0,1.0,182.0,48.0,158.0,26.21,70.06933326011556,0.0,0.0,0.0,0.0,,91.63509423525531,20.980925383000933,9.562426024024592,7.812295965334373,2,2,-1.7501300586902193,19.0,2.0,53889.673153,1.0,15.0,False
18693,56.0,1.0,201.0,80.0,136.66666666666666,21.63,101.44074540397182,0.0,1.0,0.0,0.0,2.0,6.98146288074469,4.00171384087053,2.4653701756309276,2.2722531205589274,0,0,-0.19311705507200028,21.0,1.0,54009.241244,1.0,47.0,False
18746,62.0,1.0,245.0,66.0,130.66666666666666,40.72,51.18073742685728,1.0,0.0,1.0,1.0,,13.688896537317673,17.42517053715149,9.381002116713658,9.693548767622865,2,2,0.31254665090920675,27.0,2.0,7630.531771,1.0,11.0,False
18848,69.0,0.0,180.0,56.0,115.33333333333333,28.77,72.66723069047742,1.0,0.0,0.0,0.0,,0.5998688528668267,3.465875072590231,6.079051430831201,7.779168645781156,2,2,1.7001172149499553,18.0,2.0,12830.363544,1.0,14.0,False
18850,45.0,1.0,187.0,59.0,174.0,49.73,108.62343073362948,0.0,0.0,1.0,0.0,2.0,14.81268294221012,12.196223894442806,2.6039150704712015,2.530932730516187,0,0,-0.07298233995501446,25.0,1.0,28143.876419,1.0,13.0,False
18882,50.0,1.0,183.0,48.0,112.0,26.9,61.21599363483299,0.0,1.0,1.0,0.0,2.0,11.747163734977166,9.391634303602512,2.5534901656094773,2.4712126554783858,0,0,-0.08227751013109152,18.0,2.0,78784.47147,1.0,13.0,False
18919,60.0,1.0,219.0,65.0,124.66666666666667,28.44,98.94831465668567,0.0,0.0,0.0,0.0,,19.130769710157306,7.561774147286814,2.658871620804838,2.32106101046516,0,0,-0.3378106103396781,20.0,1.0,10130.087876,1.0,23.0,False
18994,62.0,0.0,207.0,52.0,108.0,35.02,100.06309588894229,0.0,0.0,0.0,0.0,,6.911213730593707,8.800075351782201,3.8138410098403352,3.949963166755787,1,1,0.1361221569154516,24.0,2.0,8099.454041,1.0,22.0,False
19064,34.0,1.0,180.0,61.0,112.66666666666667,26.09,99.09329336766932,0.0,0.0,0.0,0.0,2.0,4.495771743834358,3.9567087849315574,0.19040335941680603,0.18679404882107978,0,0,-0.0036093105957262506,20.0,2.0,39708.470856,1.0,13.0,False
19112,43.0,1.0,264.0,62.0,107.33333333333333,24.72,93.69905139296438,0.0,1.0,1.0,0.0,2.0,36.623025048762564,15.037603155238648,1.7755085793945309,1.556879402963967,0,0,-0.2186291764305639,18.0,2.0,94951.421556,1.0,15.0,False
19165,51.0,0.0,213.0,28.0,104.0,31.74,73.21675440925675,0.0,0.0,0.0,0.0,,3.9409301119690787,6.013697769912885,2.374101402682337,2.526600884514343,0,0,0.152499481832006,20.0,1.0,15166.488871,1.0,12.0,False
19180,67.0,0.0,139.0,37.0,112.66666666666667,31.47,66.28180884355125,0.0,0.0,1.0,0.0,,4.395778194003019,6.099500703619292,6.256229248559767,6.5526828333491425,2,2,0.29645358478937567,16.0,1.0,51669.070014,1.0,15.0,False
19264,51.0,1.0,207.0,48.0,148.0,24.49,89.15118770862608,0.0,0.0,0.0,0.0,2.0,20.279725551550047,0.6043893709581531,2.7948126744839863,1.668432924376613,0,0,-1.1263797501073733,15.0,2.0,14137.47986,1.0,22.0,False
19299,50.0,0.0,241.0,56.0,130.66666666666666,24.88,91.6914786098333,0.0,0.0,0.0,0.0,,5.656642658561382,6.344196108394835,2.241637193079695,2.279912147840474,0,0,0.038274954760779245,15.0,2.0,72630.906934,1.0,7.0,False
19357,56.0,0.0,220.0,61.0,127.0,23.13,103.8675723320331,0.0,1.0,0.0,0.0,,2.742886390152728,3.7538782969140856,3.5082179204711945,3.672197338401077,1,1,0.16397941792988258,26.0,2.0,54202.595687,1.0,22.0,False
19376,61.0,1.0,195.0,65.0,145.33333333333334,26.23,83.77550558740427,0.0,0.0,0.0,0.0,,144.73507740830874,72.36323516627367,5.031033084110307,4.556454236911482,2,1,-0.47457884719882504,18.0,1.0,43011.024004,1.0,21.0,False
19443,46.0,0.0,222.0,60.0,123.33333333333333,,94.00111532617566,0.0,0.0,0.0,0.0,,20.823016176359193,17.41785879832737,1.5444529371220974,1.5039822670162708,0,0,-0.04047067010582661,23.0,2.0,99857.951281,1.0,21.0,False
19540,40.0,0.0,263.0,46.0,104.0,28.53,110.72559960355491,0.0,1.0,0.0,0.0,,4.10178745628222,3.8165878313742327,1.670185725876669,1.6524071794590274,0,0,-0.01777854641764165,16.0,2.0,121184.830921,1.0,27.0,False
19545,54.0,1.0,312.0,58.0,117.33333333333333,32.97,75.9698176010205,0.0,0.0,1.0,1.0,2.0,2.305908802587781,2.0272979373084055,2.5620693795550062,2.514250137148833,0,0,-0.04781924240617341,27.0,1.0,21973.980578,1.0,34.0,False
19641,42.0,0.0,215.0,40.0,132.66666666666666,37.48,20.719250253767793,0.0,0.0,1.0,1.0,,281.39549825785804,269.2307692307693,8.971095157593213,8.91674762613862,2,2,-0.054347531454594034,22.0,1.0,17537.763226,1.0,11.0,False
19665,52.0,0.0,228.0,34.0,120.66666666666667,26.73,102.76280487616877,0.0,0.0,0.0,0.0,,5.388499354541689,4.593891090972983,2.7810904785898978,2.716688560601931,0,0,-0.06440191798796668,24.0,1.0,65683.082932,1.0,25.0,False
19668,32.0,0.0,145.0,40.0,106.0,25.95,116.37403734517422,0.0,1.0,0.0,0.0,,5.721479887077585,3.3292570044280585,0.5858760089951415,0.5401252702735118,0,0,-0.04575073872162971,18.0,2.0,31055.92454,1.0,14.0,False
19686,67.0,0.0,190.0,42.0,111.33333333333333,26.54,100.99095187272347,0.0,0.0,0.0,0.0,,20.0987435710423,8.296151503541592,6.699990477177929,5.911505321628747,2,2,-0.7884851555491821,23.0,1.0,39822.897917,1.0,19.0,False
19757,54.0,0.0,227.0,34.0,126.66666666666667,31.43,105.16760802873681,0.0,1.0,0.0,0.0,,13.467138449909724,11.616780358100996,5.766156096901023,5.646071641864364,2,2,-0.12008445503665843,24.0,2.0,74579.202591,1.0,14.0,False
19768,45.0,1.0,222.0,66.0,118.66666666666667,20.03,70.80128881345036,0.0,0.0,0.0,0.0,2.0,3.453504261717973,3.1997170593882567,0.6260985797981066,0.6190096242150273,0,0,-0.007088955583079315,18.0,2.0,31506.414658,1.0,21.0,False
19800,53.0,0.0,203.0,47.0,126.0,30.34,72.31168110662146,0.0,0.0,0.0,0.0,,2.931515313553778,2.940556476174987,2.28264098268695,2.2836784320429016,0,0,0.0010374493559517362,15.0,2.0,25592.032243,1.0,10.0,False
19824,66.0,0.0,157.0,49.0,119.33333333333333,30.23,36.130740284615456,0.0,0.0,0.0,0.0,,14.036100684524607,12.434747209130858,6.82013577690597,6.704799988777127,2,2,-0.11533578812884304,24.0,2.0,52333.62671,1.0,14.0,False
19840,39.0,1.0,183.0,68.0,98.66666666666667,21.16,117.0209817085426,0.0,1.0,0.0,0.0,2.0,5.10380798398961,2.596523332733332,0.44018967304127304,0.3978902461197137,0,0,-0.04229942692155936,24.0,1.0,38261.926525,1.0,10.0,False
19857,30.0,0.0,157.0,47.0,119.33333333333333,23.85,117.8306074692417,0.0,1.0,0.0,0.0,,4.185036600537555,4.733442530576097,0.5459638265096268,0.5561538073286542,0,0,0.010189980819027333,14.0,2.0,70119.668414,1.0,15.0,False
19911,47.0,0.0,185.0,48.0,128.0,62.99,109.84721470999452,0.0,0.0,1.0,1.0,,10.62528301764061,11.18522081276846,1.825937209440873,1.839891361756639,0,0,0.013954152315766022,22.0,2.0,113906.098846,1.0,35.0,False
19927,66.0,1.0,231.0,90.0,126.66666666666667,25.93,81.21046917623559,0.0,0.0,0.0,0.0,,2.9757975220900468,5.5530840662894905,2.6203864371095156,2.8702656904744535,0,0,0.24987925336493788,24.0,2.0,54136.549989,1.0,14.0,False
19972,64.0,1.0,210.0,67.0,114.0,26.89,82.2269222087342,0.0,0.0,0.0,0.0,,2.3037379101979023,11.907545382216494,2.311759715986391,2.939267847770884,0,0,0.6275081317844928,14.0,2.0,53271.813531,1.0,20.0,False
20158,47.0,0.0,242.0,34.0,120.66666666666667,28.14,75.06102725553306,0.0,0.0,0.0,0.0,,2.3623793716105896,2.1474329934681755,1.9366250536887577,1.909455837813007,0,0,-0.027169215875750607,22.0,2.0,30896.672951,1.0,22.0,False
20292,46.0,1.0,142.0,59.0,106.66666666666667,19.37,91.96703208055436,0.0,0.0,0.0,0.0,2.0,29.882472784189808,4.163870877148113,0.6103759323800524,0.4547626431365448,0,0,-0.1556132892435076,23.0,2.0,96119.531282,1.0,14.0,False
20311,50.0,0.0,164.0,53.0,128.0,23.81,91.6914786098333,0.0,0.0,0.0,0.0,,6.500335443006466,3.7261070266679535,1.6269229213891105,1.4977569063111498,0,0,-0.12916601507796077,14.0,1.0,22524.696664,1.0,17.0,False
20338,54.0,0.0,200.0,42.0,122.66666666666667,37.21,71.8633486837604,0.0,0.0,0.0,0.0,,2.6125512106014037,2.87416619275346,2.4208147206799375,2.4550920302444474,0,0,0.03427730956450992,25.0,2.0,20359.172884,1.0,10.0,False
20353,40.0,0.0,260.0,56.0,146.66666666666666,36.14,59.98318761410732,1.0,0.0,0.0,0.0,,6482.076003526193,1356.07848445959,12.437806236652198,10.084678792072335,3,3,-2.3531274445798633,20.0,1.0,15166.488871,1.0,28.0,False
20380,32.0,1.0,191.0,83.0,121.33333333333333,21.13,100.3335728484498,0.0,1.0,0.0,0.0,2.0,10.239639754774597,4.7291161343628945,0.27521922688546635,0.24515634442292322,0,0,-0.030062882462543128,23.0,1.0,73951.653381,1.0,17.0,False
20444,34.0,1.0,180.0,61.0,96.0,19.35,86.0322409578126,0.0,0.0,0.0,0.0,2.0,22.917064474532886,8.405860225160245,0.24578959828847988,0.21150624676488575,0,0,-0.03428335152359413,25.0,2.0,6585.389061,1.0,9.0,False
20447,30.0,0.0,156.0,28.0,120.0,33.39,117.8306074692417,0.0,0.0,0.0,0.0,,3.765361184226838,7.125180358865405,0.43141534949366456,0.4748250289004026,0,0,0.043409679406738066,15.0,1.0,65515.692608,1.0,19.0,False
20503,49.0,1.0,130.0,39.0,115.33333333333333,52.09,90.26702900367677,0.0,0.0,0.0,0.0,2.0,1.8348952499582585,2.3564789047007153,0.8040269907248233,0.8345417616923011,0,0,0.03051477096747779,26.0,1.0,13798.076026,1.0,12.0,False
20553,52.0,0.0,247.0,42.0,142.0,30.25,106.48391533721266,0.0,0.0,0.0,0.0,,5.8448022330778855,4.102295108251626,3.820963063027133,3.629285960295229,1,1,-0.1916771027319042,17.0,1.0,57740.389446,1.0,17.0,False
20600,44.0,1.0,154.0,46.0,122.66666666666667,40.61,118.53357404019758,1.0,0.0,0.0,0.0,2.0,17.392536084500588,11.300387077877538,2.2085876011987824,2.073017899667656,0,0,-0.13556970153112635,15.0,1.0,11959.735259,1.0,26.0,False
20619,40.0,0.0,203.0,40.0,129.33333333333334,26.89,78.40099182476698,0.0,0.0,0.0,0.0,,4.8339836538758485,2.279783480706544,1.2005639450708874,1.0731354578895642,0,0,-0.12742848718132316,16.0,2.0,31874.436626,1.0,32.0,False
20746,59.0,0.0,179.0,48.0,126.66666666666667,32.06,98.38500149214225,0.0,0.0,1.0,1.0,,8.841079135247403,8.93560957479952,3.9366080114817503,3.9426859211820418,1,1,0.006077909700291428,19.0,1.0,69119.739017,1.0,17.0,False
20868,58.0,0.0,203.0,51.0,101.33333333333333,34.87,87.24105633198027,0.0,0.0,0.0,1.0,,16.62876674848303,11.21694548873982,3.3707038638030142,3.1823381454812565,1,1,-0.18836571832175775,23.0,1.0,61032.790945,1.0,14.0,False
20873,45.0,1.0,186.0,44.0,113.33333333333333,28.94,112.73472028679367,0.0,1.0,0.0,0.0,2.0,19.88317804801764,8.356103094289697,1.4906300209305043,1.311119941696959,0,0,-0.17951007923354534,20.0,2.0,33006.489526,1.0,29.0,False
20953,41.0,0.0,241.0,71.0,120.66666666666667,24.06,110.03910088601287,0.0,1.0,0.0,0.0,,3.523980479321201,2.5212623426632286,1.1607067827120114,1.104109988622967,0,0,-0.05659679408904439,18.0,1.0,20054.727827,1.0,17.0,False
20963,32.0,0.0,233.0,50.0,131.33333333333334,20.08,91.4694127034811,0.0,1.0,0.0,0.0,,3.622631493815385,3.759181432817805,1.2438851381474418,1.250767441446382,0,0,0.00688230329894024,23.0,2.0,38013.804082,1.0,20.0,False
20988,40.0,0.0,187.0,80.0,130.0,27.44,97.57511057093221,0.0,1.0,0.0,0.0,,2.1106640556196994,6.674214937476459,0.8030641309155693,0.9540899256333369,0,0,0.15102579471776767,27.0,1.0,20973.448074,1.0,15.0,False
