SEQN,age,sex,tc,hdl,sbp,bmi,egfr,dm,smoking,bptreat,statin,RIDEXPRG,uacr_first,uacr_repeat,risk_first,risk_second,category_first,category_second,delta_pp,SDMVSTRA,SDMVPSU,WTMEC2YR,unit_weight,LB2DAY
9972,44.0,0.0,193.0,37.0,144.66666666666666,33.84,108.00503709324838,0.0,0.0,0.0,0.0,,3.6363636363636362,8.78048780487805,1.9844518805868288,2.26062488760908,0,0,0.2761730070222512,26.0,1.0,93558.93476,1.0,9.0
9973,63.0,1.0,206.0,53.0,108.0,26.6,97.1192631415636,0.0,1.0,0.0,0.0,,13.5,6.172839506172839,4.432095833069906,3.9603097422403555,1,1,-0.47178609082955036,24.0,2.0,8634.477802,1.0,30.0
9976,36.0,0.0,206.0,93.0,132.66666666666666,22.51,100.0329513800521,0.0,1.0,0.0,0.0,,5.555555555555555,88.55670103092784,0.6468332101848853,0.9793138330737626,0,0,0.33248062288887736,24.0,2.0,38187.811515,1.0,12.0
10033,51.0,1.0,243.0,44.0,124.0,33.05,68.2079689795163,0.0,0.0,0.0,0.0,2.0,1.0236220472440944,3.9285714285714284,1.4671102493950774,1.7894720306060747,0,0,0.32236178121099734,19.0,2.0,40987.073119,1.0,12.0
10070,62.0,0.0,203.0,46.0,134.0,30.89,68.37532283018858,0.0,0.0,0.0,0.0,,2.389937106918239,1.8238993710691824,4.585961821202932,4.410640173753933,1,1,-0.1753216474489987,14.0,1.0,45927.969694,1.0,8.0
10105,40.0,1.0,183.0,42.0,107.33333333333333,27.92,82.88103960861761,0.0,1.0,0.0,0.0,2.0,5.636363636363637,4.892086330935252,0.9083385964230456,0.8894008515507391,0,0,-0.018937744872306483,26.0,2.0,20379.588708,1.0,19.0
10116,48.0,0.0,174.0,40.0,122.0,32.21,67.76398982890707,0.0,1.0,0.0,0.0,,3.5408560311284045,2.8458498023715415,2.3658664602027764,2.290835052231363,0,0,-0.07503140797141317,24.0,2.0,25769.562403,1.0,8.0
10162,60.0,0.0,248.0,40.0,114.0,30.99,97.77501448289098,0.0,0.0,0.0,0.0,,9.047619047619047,9.51048951048951,4.684172834669701,4.717926813075343,1,1,0.03375397840564265,17.0,2.0,2736.159166,1.0,28.0
10201,40.0,0.0,224.0,41.0,101.33333333333333,36.72,78.40099182476698,0.0,0.0,0.0,0.0,,2.0202020202020203,2.272727272727273,0.8489147836068128,0.8640171160461444,0,0,0.015102332439331567,23.0,1.0,89382.404687,1.0,15.0
10251,36.0,1.0,204.0,66.0,114.0,20.49,97.8683456761073,0.0,0.0,0.0,0.0,2.0,4.096385542168675,3.772893772893773,0.2351150804379383,0.23223610207691042,0,0,-0.0028789783610278785,23.0,2.0,78323.941113,1.0,18.0
10315,41.0,0.0,202.0,44.0,114.0,29.3,86.49018425483102,1.0,0.0,0.0,0.0,,242.17877094972067,198.54651162790697,3.811740548488708,3.7032655142673505,1,1,-0.10847503422135762,23.0,2.0,95602.721999,1.0,14.0
10347,49.0,1.0,248.0,66.0,117.33333333333333,37.05,105.95451916798552,0.0,0.0,0.0,0.0,2.0,7.5,4.473684210526316,0.942340323149688,0.8726229423739142,0,0,-0.06971738077577372,15.0,2.0,17256.03591,1.0,8.0
10361,49.0,1.0,244.0,39.0,117.33333333333333,26.75,105.95451916798552,0.0,1.0,0.0,0.0,2.0,3.3333333333333335,5.428571428571429,2.247000063547109,2.413566314596412,0,0,0.16656625104930312,22.0,2.0,48625.189382,1.0,28.0
10422,63.0,1.0,177.0,61.0,139.33333333333334,24.43,100.79513131538381,0.0,0.0,0.0,0.0,,2.916666666666667,3.888888888888889,2.952458027055467,3.0787485542042483,0,1,0.12629052714878153,27.0,2.0,7280.60074,1.0,12.0
10440,46.0,0.0,185.0,69.0,142.0,24.17,110.53251631112349,0.0,1.0,0.0,0.0,,352.85714285714283,239.9441340782123,3.79652462241387,3.5894506690643464,1,1,-0.2070739533495236,20.0,2.0,27388.680945,1.0,17.0
10488,46.0,0.0,201.0,63.0,130.0,27.7,83.84202987764414,1.0,0.0,1.0,0.0,,48.36538461538461,89.30555555555556,4.690561991797993,5.1223892083343685,1,2,0.4318272165363757,23.0,2.0,14115.912517,1.0,19.0
10514,49.0,1.0,232.0,48.0,163.33333333333334,27.87,90.26702900367677,0.0,1.0,1.0,0.0,2.0,3.9393939393939394,4.375,5.450108913543146,5.531813942270579,2,2,0.08170502872743324,15.0,1.0,84667.431094,1.0,15.0
10520,31.0,0.0,225.0,44.0,114.66666666666667,29.85,103.19249675898193,0.0,0.0,0.0,0.0,,4.267515923566879,2.452830188679245,0.4493757455255977,0.4134736246337565,0,0,-0.03590212089184125,20.0,2.0,78355.188225,1.0,15.0
10592,59.0,0.0,298.0,46.0,136.0,24.08,86.700161782722,0.0,0.0,0.0,0.0,,3.0201342281879193,2.5748502994011977,5.588811823814835,5.463068029039789,2,2,-0.12574379477504571,26.0,1.0,68612.77041,1.0,11.0
10732,65.0,0.0,185.0,27.0,116.0,31.44,94.78134144573454,0.0,0.0,0.0,0.0,,4.7368421052631575,4.463519313304721,5.733356501868651,5.685042965821866,2,2,-0.04831353604678501,15.0,1.0,46694.63569,1.0,16.0
10806,54.0,1.0,228.0,53.0,129.33333333333334,21.97,87.50323528498794,0.0,1.0,0.0,0.0,2.0,5.3164556962025316,3.9393939393939394,3.1308648855002525,2.9972179920189705,1,0,-0.133646893481282,16.0,1.0,37665.142064,1.0,14.0
10818,34.0,0.0,269.0,56.0,121.33333333333333,29.03,114.93547270008962,0.0,0.0,0.0,0.0,,4.006622516556291,4.039408866995073,0.6538906620867166,0.6546906095441293,0,0,0.0007999474574126308,22.0,2.0,26535.230605,1.0,31.0
10827,32.0,0.0,149.0,51.0,115.33333333333333,25.93,120.58801971244091,0.0,0.0,0.0,0.0,,7.283950617283951,8.688524590163935,0.292623214676902,0.3004958504908207,0,0,0.007872635813918727,17.0,1.0,17580.249211,1.0,21.0
10842,30.0,0.0,217.0,45.0,98.0,22.43,92.61426955342189,0.0,0.0,0.0,0.0,,2.7705627705627704,3.7142857142857144,0.38380847994538075,0.40110997663698833,0,0,0.017301496691607576,21.0,2.0,58760.881625,1.0,12.0
10848,52.0,0.0,190.0,45.0,136.66666666666666,,102.76280487616877,0.0,0.0,0.0,0.0,,3.5915492957746475,3.977900552486188,2.4666450337548405,2.504036403018967,0,0,0.03739136926412634,23.0,1.0,20864.371179,1.0,10.0
10962,66.0,0.0,228.0,41.0,132.66666666666666,33.26,43.91108306427053,1.0,0.0,1.0,0.0,,29.423076923076923,35.16129032258065,18.381232516829613,18.788305662325563,3,3,0.40707314549595,14.0,1.0,12432.7477,1.0,25.0
10973,33.0,1.0,297.0,74.0,123.33333333333333,34.82,99.71150469678942,0.0,0.0,0.0,0.0,2.0,10.806451612903226,6.269430051813472,0.3898348295403808,0.3593490489476776,0,0,-0.030485780592703182,27.0,2.0,6008.421996,1.0,14.0
10992,30.0,0.0,135.0,47.0,128.66666666666666,27.2,103.83628170555637,0.0,0.0,0.0,0.0,,12.75,3.391812865497076,0.39300177137429276,0.3220052307700914,0,0,-0.07099654060420135,16.0,2.0,38272.809755,1.0,44.0
11072,42.0,1.0,177.0,71.0,132.66666666666666,22.95,110.66914076204584,0.0,0.0,0.0,0.0,2.0,24.594594594594593,6.310679611650485,0.6043629509762855,0.493283378001166,0,0,-0.11107957297511944,17.0,1.0,73541.659166,1.0,42.0
11092,66.0,0.0,192.0,45.0,137.33333333333334,27.25,66.69531982647538,0.0,0.0,1.0,0.0,,38.46153846153846,4.444444444444445,10.28440294713822,7.642864511006814,3,2,-2.6415384361314063,19.0,2.0,61498.141513,1.0,10.0
11140,30.0,0.0,152.0,37.0,147.33333333333334,,127.12171591498485,1.0,1.0,0.0,0.0,,258.7878787878788,348.1132075471698,7.5658136489655945,7.88496451680342,2,2,0.3191508678378252,18.0,1.0,82008.475581,1.0,8.0
11154,46.0,1.0,166.0,38.0,153.33333333333334,37.71,79.84526091763327,0.0,0.0,0.0,0.0,2.0,5.080213903743315,4.809160305343512,2.007603603029847,1.9914739781104256,0,0,-0.01612962491942138,14.0,1.0,27322.092261,1.0,26.0
11230,42.0,1.0,134.0,35.0,132.0,35.74,110.66914076204584,1.0,0.0,1.0,1.0,2.0,141.42857142857142,41.851851851851855,4.2101309732447545,3.531614633775541,1,1,-0.6785163394692133,22.0,2.0,18200.001204,1.0,36.0
11260,69.0,0.0,216.0,57.0,132.66666666666666,22.92,81.47227282710105,0.0,0.0,0.0,0.0,,6.2857142857142865,4.150943396226416,7.48663652563781,7.064043334067781,2,2,-0.4225931915700283,23.0,2.0,4855.518008,1.0,19.0
11362,47.0,0.0,196.0,60.0,130.0,26.08,106.00857280356708,0.0,0.0,0.0,0.0,,1.5957446808510638,2.1921921921921923,1.1239744274802663,1.178536173395959,0,0,0.05456174591569263,18.0,2.0,25527.257345,1.0,13.0
11373,46.0,0.0,271.0,38.0,121.33333333333333,37.35,94.00111532617566,0.0,0.0,0.0,0.0,,3.163265306122449,3.084577114427861,2.0219913144963444,2.0144690969601946,0,0,-0.007522217536149789,14.0,1.0,22755.789221,1.0,9.0
11383,52.0,1.0,276.0,45.0,114.0,20.94,88.5984503448326,0.0,1.0,0.0,0.0,2.0,10.466666666666667,10.80568720379147,3.103819465926076,3.118243897666323,1,1,0.014424431740247101,20.0,2.0,33475.30312,1.0,23.0
11400,69.0,0.0,216.0,55.0,126.66666666666667,27.49,81.47227282710105,0.0,0.0,0.0,0.0,,4.111111111111111,3.2653061224489797,6.83888681647806,6.620577422438768,2,2,-0.2183093940392915,23.0,1.0,40120.631646,1.0,15.0
11412,68.0,0.0,220.0,51.0,118.66666666666667,24.53,93.02931609009187,1.0,0.0,1.0,0.0,,276.81159420289856,32.6241134751773,18.669107626349142,14.25154834644533,3,3,-4.417559279903811,24.0,1.0,9355.299033,1.0,9.0
11437,52.0,1.0,238.0,65.0,136.66666666666666,21.51,107.93210283621393,0.0,1.0,0.0,0.0,2.0,12.612612612612613,7.419354838709676,2.905461673768796,2.6889855494363335,0,0,-0.21647612433246266,26.0,2.0,53086.263367,1.0,25.0
11490,61.0,1.0,226.0,59.0,152.66666666666666,31.36,72.73342360634128,0.0,0.0,0.0,0.0,,11.80451127819549,20.322580645161292,4.58240472717964,4.952494911794888,1,1,0.3700901846152478,28.0,1.0,12719.451263,1.0,33.0
11516,37.0,0.0,158.0,42.0,100.66666666666667,24.47,99.41274708149578,0.0,0.0,0.0,0.0,,4.693877551020408,2.5000000000000004,0.522240123094708,0.47507453086852997,0,0,-0.047165592226178055,19.0,1.0,90254.635948,1.0,8.0
11546,42.0,1.0,207.0,59.0,100.66666666666667,,114.85785841899782,1.0,1.0,0.0,0.0,2.0,6.883116883116883,8.305084745762713,2.325667250480722,2.3905764479542886,0,0,0.0649091974735665,24.0,2.0,39569.020024,1.0,14.0
11592,55.0,1.0,239.0,87.0,106.66666666666667,27.52,86.96071522622101,0.0,0.0,0.0,0.0,2.0,2.967032967032967,5.5,0.8502896760120237,0.9320672004113345,0,0,0.08177752439931085,27.0,1.0,25863.773734,1.0,13.0
11630,42.0,0.0,220.0,70.0,141.33333333333334,27.97,85.95394511245107,0.0,1.0,0.0,0.0,,3.175355450236967,3.1578947368421053,1.7659409099342085,1.7644970395038513,0,0,-0.001443870430357208,20.0,2.0,27498.919173,1.0,22.0
11634,52.0,1.0,194.0,60.0,115.33333333333333,24.89,76.92067716706174,0.0,0.0,0.0,0.0,2.0,4.0625,5.762711864406779,1.0376225545930564,1.0929244756911847,0,0,0.05530192109812826,19.0,1.0,67562.348104,1.0,21.0
11639,52.0,0.0,230.0,49.0,112.66666666666667,26.49,90.55802889550912,0.0,0.0,0.0,0.0,,4.105263157894737,3.673469387755102,1.927577276416023,1.8961069594781104,0,0,-0.03147031693791269,25.0,1.0,10630.654187,1.0,9.0
11786,63.0,0.0,209.0,33.0,118.0,28.09,99.44270469443084,1.0,1.0,0.0,0.0,,17.272727272727273,19.30635838150289,12.97827244036873,13.169284373919616,3,3,0.19101193355088597,27.0,2.0,7286.355494,1.0,8.0
11931,65.0,0.0,143.0,38.0,122.66666666666667,38.71,94.78134144573454,1.0,0.0,0.0,0.0,,8.05084745762712,1.989247311827957,7.907972502996141,6.50079577730085,2,2,-1.4071767256952912,25.0,2.0,26988.640278,1.0,22.0
11954,50.0,0.0,210.0,56.0,112.66666666666667,27.31,81.78200505872415,0.0,0.0,0.0,0.0,,7.638888888888889,5.625,1.512844755657337,1.4455101885064279,0,0,-0.06733456715090913,18.0,2.0,81134.889187,1.0,13.0
12013,30.0,1.0,192.0,56.0,92.66666666666667,31.41,101.58937601542708,0.0,0.0,0.0,0.0,2.0,3.4615384615384617,4.30635838150289,0.15630385530496027,0.16150454973261474,0,0,0.005200694427654473,18.0,1.0,91522.054289,1.0,34.0
12021,50.0,1.0,228.0,58.0,126.66666666666667,52.89,89.70737342385397,0.0,0.0,0.0,0.0,2.0,3.245033112582782,1.9444444444444444,1.2039315814905234,1.1158307006632493,0,0,-0.08810088082727408,23.0,1.0,25814.770928,1.0,9.0
12052,44.0,0.0,211.0,49.0,127.33333333333333,26.51,35.03173270609977,0.0,0.0,1.0,0.0,,353.4351145038168,259.5098039215686,5.529527979653977,5.290849311332896,2,2,-0.2386786683210813,25.0,2.0,22395.276387,1.0,16.0
12064,62.0,0.0,205.0,51.0,145.33333333333334,28.9,100.06309588894229,1.0,0.0,0.0,1.0,,15.217391304347826,38.62903225806452,9.778886708457046,11.092131313302831,2,3,1.313244604845785,23.0,2.0,49482.618262,1.0,32.0
12148,45.0,1.0,171.0,47.0,144.66666666666666,39.06,112.73472028679367,0.0,0.0,0.0,0.0,2.0,39.91902834008097,59.5,1.6733519687837135,1.7748450074489286,0,0,0.10149303866521509,28.0,1.0,12388.915245,1.0,14.0
12170,32.0,0.0,130.0,48.0,104.0,21.74,120.58801971244091,0.0,0.0,0.0,0.0,,2.897196261682243,3.5507246376811596,0.2293153155894764,0.23645137466337293,0,0,0.007136059073896528,24.0,2.0,22326.44745,1.0,6.0
12205,52.0,1.0,292.0,54.0,130.0,29.45,88.5984503448326,0.0,0.0,0.0,0.0,3.0,5.277777777777778,6.987179487179487,2.0951823388992876,2.1833482074351274,0,0,0.08816586853583974,18.0,2.0,78536.315892,1.0,18.0
12270,37.0,0.0,150.0,55.0,103.33333333333333,21.89,88.6688044296479,0.0,1.0,0.0,0.0,,19.03010033444816,6.511627906976744,0.8233379273606312,0.7011019685017508,0,0,-0.12223595885888039,22.0,2.0,85435.353279,1.0,22.0
12305,36.0,0.0,175.0,39.0,115.33333333333333,23.76,113.5146909581791,0.0,0.0,0.0,0.0,,1.8,2.25,0.47911340109748507,0.4954514857169084,0,0,0.01633808461942332,21.0,1.0,72761.392333,1.0,33.0
12331,64.0,0.0,240.0,42.0,138.66666666666666,22.25,67.53009717450384,0.0,0.0,0.0,0.0,,28.879310344827587,5.545454545454546,9.139532139899005,7.270240811737093,2,2,-1.8692913281619123,27.0,2.0,51668.101963,1.0,12.0
12358,35.0,1.0,209.0,80.0,110.66666666666667,20.44,115.59354724258125,0.0,0.0,0.0,0.0,2.0,7.187499999999999,8.387096774193548,0.15049530807946246,0.1540177826148519,0,0,0.0035224745353894527,17.0,1.0,58240.558018,1.0,9.0
12361,40.0,1.0,188.0,46.0,114.0,48.45,112.05430679879757,0.0,0.0,0.0,0.0,2.0,6.956521739130435,3.36,0.49163493715578976,0.44097845609819114,0,0,-0.050656481057598624,17.0,2.0,76162.204841,1.0,13.0
12369,56.0,1.0,248.0,42.0,112.66666666666667,46.5,75.03071214255642,0.0,1.0,0.0,0.0,2.0,1.7098445595854923,3.409090909090909,2.921107592492723,3.2296381739177003,0,1,0.30853058142497725,18.0,1.0,63539.460261,1.0,8.0
12451,57.0,0.0,221.0,55.0,137.33333333333334,28.58,99.61641579295177,0.0,0.0,1.0,1.0,,4.725738396624473,6.326530612244898,4.1695243085592635,4.349143532425646,1,1,0.17961922386638296,22.0,1.0,58156.660268,1.0,27.0
12570,55.0,0.0,223.0,37.0,120.0,30.74,100.86324282087661,0.0,0.0,0.0,0.0,,6.865671641791044,6.73469387755102,3.2790135030962952,3.269801327777363,1,1,-0.009212175318932037,21.0,2.0,81134.889187,1.0,13.0
12591,36.0,0.0,146.0,32.0,118.66666666666667,25.93,80.37585156158794,0.0,0.0,0.0,0.0,,13.296089385474861,3.9572192513368982,0.7061437719982914,0.588743426309665,0,0,-0.11740034568862634,23.0,2.0,60088.983937,1.0,14.0
12618,62.0,1.0,234.0,39.0,121.33333333333333,38.18,72.28247637998194,0.0,0.0,0.0,0.0,,13.333333333333336,7.17948717948718,4.25675257952746,3.8937009414372135,1,1,-0.3630516380902469,23.0,1.0,39909.796492,1.0,17.0
12651,60.0,1.0,197.0,49.0,122.0,23.76,73.18718414805923,1.0,0.0,1.0,1.0,,12.371794871794872,11.428571428571429,6.814169369034603,6.738961632640859,2,2,-0.075207736393744,16.0,1.0,17468.491653,1.0,9.0
12656,38.0,0.0,187.0,27.0,101.33333333333333,24.4,98.7963880495905,0.0,0.0,0.0,0.0,,4.177215189873418,6.470588235294119,0.8504563508282323,0.9080290798144981,0,0,0.05757272898626575,25.0,2.0,47390.285388,1.0,14.0
12694,38.0,0.0,190.0,35.0,132.66666666666666,32.31,79.38228064995828,0.0,0.0,0.0,0.0,,2.6495726495726495,2.5609756097560976,1.0594759031003214,1.0541058360772515,0,0,-0.005370067023069858,26.0,1.0,91877.397855,1.0,24.0
12710,44.0,0.0,160.0,50.0,110.66666666666667,34.17,76.47465500750884,0.0,0.0,0.0,0.0,,3.5638297872340425,6.552901023890785,0.706072893591794,0.7735674283085752,0,0,0.06749453471678113,20.0,2.0,102442.095846,1.0,19.0
12716,61.0,0.0,145.0,27.0,124.66666666666667,26.08,104.83070611929934,0.0,1.0,0.0,0.0,,6.043956043956044,5.308056872037914,5.909065194070628,5.800997085186331,2,2,-0.10806810888429741,23.0,1.0,40587.273816,1.0,13.0
12720,37.0,0.0,189.0,35.0,124.0,32.68,116.8958586309369,0.0,1.0,0.0,0.0,,12.5390625,7.956204379562044,1.7092660414452823,1.597606709793012,0,0,-0.11165933165227027,22.0,2.0,27847.492117,1.0,20.0
12723,67.0,1.0,180.0,58.0,147.33333333333334,40.64,70.06933326011556,0.0,0.0,1.0,1.0,,3.657142857142857,3.033707865168539,5.3477598351114715,5.207506744577544,2,2,-0.14025309053392743,18.0,1.0,53676.366006,1.0,25.0
12733,58.0,1.0,285.0,45.0,101.33333333333333,23.68,103.97875018269289,1.0,0.0,0.0,0.0,2.0,303.91304347826093,391.2280701754386,8.418161707230903,8.71509862560162,2,2,0.2969369183707169,27.0,2.0,77213.837678,1.0,7.0
12758,55.0,1.0,218.0,63.0,107.0,28.9,75.49880473189417,0.0,0.0,1.0,1.0,2.0,2.3728813559322033,1.7241379310344827,1.463530978128657,1.3959732355994197,0,0,-0.0675577425292373,18.0,2.0,31506.414658,1.0,13.0
12963,60.0,0.0,161.0,54.0,139.33333333333334,22.82,86.16262077966914,1.0,0.0,0.0,1.0,,5.089285714285714,1.951219512195122,5.363585616796055,4.6744884322351155,2,1,-0.6890971845609393,18.0,1.0,42917.372895,1.0,21.0
12980,59.0,1.0,215.0,48.0,108.66666666666667,23.39,73.6437755565096,0.0,0.0,0.0,1.0,2.0,13.636363636363637,4.225352112676056,2.5376340020144976,2.137090349911246,0,0,-0.4005436521032517,18.0,1.0,65378.402655,1.0,25.0
12991,44.0,1.0,184.0,52.0,112.66666666666667,31.04,93.118117274328,0.0,1.0,0.0,0.0,2.0,3.3333333333333335,10.666666666666666,0.9337869036189653,1.1099635749738153,0,0,0.17617667135484993,27.0,1.0,91311.478775,1.0,14.0
13015,53.0,0.0,302.0,40.0,115.33333333333333,29.83,80.27027137451356,0.0,1.0,0.0,0.0,,5.779816513761468,6.202531645569621,5.209699956058773,5.2625889008032685,2,2,0.05288894474449535,24.0,2.0,80098.840049,1.0,11.0
13075,65.0,0.0,220.0,56.0,121.33333333333333,28.74,83.5244957330708,0.0,0.0,0.0,0.0,,2.727272727272727,6.136363636363637,4.658795834329015,5.233931569782269,1,2,0.5751357354532534,27.0,2.0,6175.295266,1.0,21.0
13203,60.0,1.0,184.0,59.0,129.33333333333334,18.97,98.94831465668567,0.0,1.0,0.0,0.0,,23.50649350649351,63.116883116883116,4.462175996765135,5.138733858048895,1,2,0.6765578612837606,23.0,1.0,45654.802853,1.0,11.0
13205,68.0,1.0,224.0,70.0,165.33333333333334,24.93,94.14566788317298,0.0,0.0,1.0,0.0,,2.9292929292929295,5.890410958904109,6.05973591482956,6.684947004495487,2,2,0.6252110896659264,16.0,1.0,61143.084882,1.0,20.0
13284,64.0,1.0,182.0,49.0,112.0,34.27,62.91033808349109,0.0,0.0,1.0,1.0,,13.958333333333334,11.5625,4.356768320255964,4.240479434607826,1,1,-0.11628888564813789,27.0,1.0,56135.315571,1.0,18.0
13321,63.0,1.0,179.0,60.0,118.0,24.51,71.83432502642606,0.0,0.0,0.0,0.0,,5.6716417910447765,4.0,2.7074670233932183,2.5727543099737327,0,0,-0.13471271341948565,14.0,2.0,39909.796492,1.0,23.0
13326,63.0,1.0,302.0,32.0,132.66666666666666,27.41,71.83432502642606,0.0,0.0,0.0,0.0,,6.086956521739131,10.09478672985782,5.713122948640407,6.136229499397668,2,2,0.4231065507572609,27.0,2.0,51211.025617,1.0,24.0
13340,44.0,1.0,190.0,38.0,110.66666666666667,33.24,80.84462662027741,0.0,1.0,0.0,0.0,2.0,3.0419580419580416,6.5,1.2388417203011133,1.386343537925245,0,0,0.14750181762413161,26.0,2.0,21919.545831,1.0,20.0
13356,47.0,1.0,203.0,55.0,140.0,38.28,111.34114327788527,0.0,0.0,0.0,0.0,2.0,9.796954314720812,5.606060606060606,1.3750886020063475,1.265949875185957,0,0,-0.1091387268203905,14.0,2.0,40722.959756,1.0,12.0
13388,31.0,0.0,190.0,45.0,107.33333333333333,28.76,75.32100352747095,0.0,0.0,1.0,0.0,,4.999999999999999,4.62962962962963,0.4346702001066445,0.4296694227281987,0,0,-0.0050007773784457865,18.0,2.0,31055.92454,1.0,8.0
13413,37.0,1.0,214.0,51.0,118.66666666666667,36.24,118.48564916989523,0.0,0.0,0.0,0.0,2.0,3.58974358974359,12.191780821917808,0.40148120251761205,0.4819802504467753,0,0,0.08049904792916324,28.0,1.0,31529.613215,1.0,44.0
13417,34.0,0.0,196.0,59.0,119.33333333333333,29.61,101.28499188432974,0.0,0.0,0.0,0.0,,3.2394366197183095,7.243589743589744,0.3815802832605784,0.43067190732495003,0,0,0.04909162406437162,22.0,1.0,76962.748125,1.0,27.0
13428,48.0,0.0,180.0,46.0,123.33333333333333,21.55,74.59564888654876,0.0,1.0,0.0,0.0,,3.5833333333333335,7.409638554216867,2.2573045134197853,2.5124604444758125,0,0,0.2551559310560272,15.0,1.0,24268.155433,1.0,15.0
13442,32.0,0.0,234.0,47.0,118.0,28.5,116.37403734517422,0.0,0.0,0.0,0.0,,3.0635838150289016,2.3703703703703702,0.49025574874271516,0.47171463095376254,0,0,-0.01854111778895262,22.0,1.0,75048.888508,1.0,28.0
13555,41.0,1.0,243.0,54.0,125.33333333333333,32.9,111.35957009664503,0.0,0.0,0.0,0.0,2.0,2.5581395348837215,5.899280575539567,0.661254278882359,0.7489628255785433,0,0,0.08770854669618433,22.0,2.0,112389.236952,1.0,30.0
13633,56.0,0.0,209.0,49.0,125.33333333333333,28.76,88.33298988644091,0.0,0.0,0.0,1.0,,6.166666666666667,5.0,2.9820648348205925,2.8917928171094403,0,0,-0.09027201771115223,19.0,1.0,65120.274319,1.0,21.0
13655,49.0,0.0,139.0,39.0,129.33333333333334,24.74,104.69814147034143,0.0,1.0,0.0,0.0,,7.963800904977377,10.246913580246915,2.701078334825274,2.8029378259082423,0,0,0.10185949108296821,20.0,2.0,26926.903218,1.0,29.0
13672,58.0,0.0,209.0,57.0,115.33333333333333,32.53,98.99879401503546,0.0,0.0,0.0,0.0,,3.6220472440944875,4.999999999999999,2.526584118836776,2.6492936894917856,0,0,0.12270957065500943,21.0,1.0,25774.338017,1.0,14.0
13686,51.0,1.0,247.0,39.0,124.0,26.0,104.64475602201932,0.0,0.0,0.0,0.0,2.0,10.74074074074074,7.289719626168225,2.0865682437450714,1.9709522762357794,0,0,-0.11561596750929204,15.0,2.0,29829.519692,1.0,10.0
13745,47.0,1.0,186.0,62.0,138.66666666666666,35.11,79.35022029994394,0.0,0.0,0.0,0.0,2.0,7.044534412955465,15.783132530120483,1.1325039090875273,1.2764410142567244,0,0,0.1439371051691971,28.0,1.0,11873.837983,1.0,24.0
13798,40.0,0.0,199.0,58.0,112.66666666666667,21.86,87.02976882152447,0.0,0.0,0.0,0.0,,8.187919463087248,4.3283582089552235,0.6329334802958092,0.575180277514183,0,0,-0.05775320278162621,25.0,2.0,96040.563499,1.0,9.0
13822,51.0,0.0,265.0,63.0,108.66666666666667,23.56,73.21675440925675,0.0,0.0,0.0,0.0,,9.110169491525424,2.638888888888889,1.8877262112152593,1.5706607769355885,0,0,-0.3170654342796708,20.0,1.0,46865.584002,1.0,13.0
13837,43.0,1.0,210.0,67.0,127.33333333333333,30.12,93.69905139296438,0.0,0.0,1.0,0.0,2.0,9.268292682926829,6.4646464646464645,0.8211690289280931,0.7782749726998323,0,0,-0.04289405622826081,17.0,1.0,70547.485991,1.0,14.0
13887,34.0,1.0,235.0,60.0,109.33333333333333,22.61,75.81449505967845,0.0,0.0,0.0,0.0,2.0,5.901639344262295,52.794117647058826,0.27716910627618296,0.3847104349916924,0,0,0.10754132871550942,26.0,2.0,79509.905169,1.0,12.0
13897,36.0,0.0,179.0,40.0,95.33333333333333,26.2,117.62513446461753,0.0,0.0,0.0,0.0,,3.867403314917127,4.043321299638989,0.5763634001615219,0.5802254879577099,0,0,0.0038620877961880185,22.0,2.0,26301.789519,1.0,11.0
13919,45.0,0.0,204.0,46.0,116.66666666666667,35.1,107.33540586327024,0.0,0.0,0.0,0.0,,6.666666666666666,4.959349593495935,1.2124506417385135,1.1600912919207318,0,0,-0.052359349817781675,20.0,1.0,30469.013498,1.0,15.0
13922,53.0,1.0,289.0,74.0,136.66666666666666,37.47,103.35118359176776,1.0,1.0,0.0,0.0,2.0,3.6363636363636362,3.3333333333333335,5.81497861447112,5.743850060521354,2,2,-0.07112855394976592,26.0,2.0,52360.056556,1.0,18.0
14108,57.0,1.0,167.0,49.0,116.66666666666667,26.67,109.32721394112731,0.0,0.0,0.0,0.0,2.0,6.69811320754717,5.454545454545454,1.7257275461280817,1.6742098644421648,0,0,-0.05151768168591686,23.0,1.0,57407.879371,1.0,18.0
14115,66.0,1.0,207.0,75.0,118.66666666666667,27.15,70.50647339516557,0.0,0.0,0.0,1.0,,6.276595744680851,0.7070707070707071,2.927819713487505,2.126953776276534,0,0,-0.800865937210971,24.0,2.0,14989.259944,1.0,12.0
14131,45.0,1.0,196.0,43.0,105.33333333333333,26.98,80.3433899352317,0.0,0.0,0.0,0.0,2.0,4.960629921259843,7.046632124352332,0.7649725718981062,0.8060303751586823,0,0,0.041057803260576065,19.0,1.0,98106.110675,1.0,8.0
14152,61.0,1.0,193.0,68.0,138.0,48.18,72.73342360634128,0.0,0.0,1.0,0.0,,4.929577464788732,9.504950495049505,3.3230278140152545,3.6546632098051326,1,1,0.3316353957898781,20.0,2.0,17629.992068,1.0,31.0
14186,30.0,1.0,207.0,46.0,104.66666666666667,27.0,88.19932589872519,0.0,0.0,0.0,0.0,2.0,3.1868131868131866,2.673992673992674,0.21899531664551342,0.21331471698161797,0,0,-0.005680599663895447,19.0,1.0,87779.124663,1.0,15.0
14276,67.0,0.0,182.0,46.0,115.33333333333333,21.56,60.211552380850584,0.0,0.0,0.0,0.0,,15.384615384615385,2.5,6.524698883278174,5.037872081476629,2,2,-1.486826801801545,19.0,2.0,53772.335151,1.0,15.0
14279,65.0,1.0,244.0,65.0,129.33333333333334,23.25,81.71711529104005,0.0,0.0,0.0,0.0,,6.875000000000001,3.225806451612903,3.798941674870609,3.40488755577409,1,1,-0.394054119096519,23.0,1.0,39909.796492,1.0,26.0
14285,60.0,1.0,152.0,48.0,134.0,29.75,84.29815414309144,0.0,0.0,0.0,0.0,,9.481481481481481,8.210526315789474,3.084373249447246,3.0204381659341744,1,1,-0.06393508351307142,25.0,2.0,3300.828862,1.0,27.0
14299,36.0,0.0,172.0,48.0,111.0,23.33,117.62513446461753,0.0,0.0,0.0,0.0,,4.696969696969697,6.785714285714286,0.41132050493778305,0.4347163131480382,0,0,0.023395808210255165,28.0,1.0,17060.19299,1.0,19.0
14307,59.0,0.0,207.0,44.0,131.33333333333334,28.65,86.700161782722,0.0,0.0,0.0,0.0,,3.6082474226804124,2.22972972972973,3.962769009674532,3.6952158127645442,1,1,-0.2675531969099878,22.0,1.0,54149.065648,1.0,14.0
14324,42.0,0.0,213.0,29.0,96.0,29.96,109.3568584605196,0.0,1.0,0.0,1.0,,2.907801418439716,3.0,2.186895787988919,2.1970014734591685,0,0,0.010105685470249703,23.0,1.0,37572.167078,1.0,12.0
14329,64.0,1.0,192.0,45.0,154.0,27.11,100.17020150122842,0.0,0.0,0.0,0.0,,6.491228070175438,6.486486486486487,5.24647502071436,5.245929714615295,2,2,-0.0005453060990650016,17.0,1.0,2867.153379,1.0,21.0
14352,68.0,0.0,235.0,59.0,139.0,36.54,81.98055225105762,1.0,0.0,1.0,0.0,,14.644194756554308,9.521276595744679,14.302196201072706,13.52371961041224,3,3,-0.7784765906604658,14.0,1.0,10512.423217,1.0,8.0
14500,61.0,0.0,230.0,46.0,136.0,41.24,76.37419935789183,0.0,0.0,1.0,1.0,,0.9195402298850575,3.8297872340425534,5.156556296105288,6.31791407404047,2,2,1.1613577779351818,25.0,2.0,49877.713392,1.0,26.0
14519,46.0,1.0,158.0,40.0,125.33333333333333,31.8,112.03576502101555,0.0,0.0,0.0,0.0,2.0,5.523012552301255,3.9166666666666665,0.9568509406351337,0.909172364056633,0,0,-0.04767857657850061,18.0,2.0,34192.450661,1.0,10.0
14563,67.0,1.0,261.0,71.0,118.0,23.7,70.06933326011556,0.0,0.0,0.0,1.0,,5.416666666666667,4.553571428571428,3.8332884249932393,3.7383823737390682,1,1,-0.09490605125417106,21.0,2.0,25426.265556,1.0,21.0
14594,48.0,1.0,210.0,53.0,135.33333333333334,20.43,90.83017609546867,0.0,0.0,0.0,0.0,2.0,6.679245283018868,7.019230769230769,1.4181875032547098,1.4286456479217038,0,0,0.010458144666994018,15.0,2.0,87058.888595,1.0,16.0
14601,61.0,1.0,200.0,70.0,159.33333333333334,29.88,98.33483510581422,0.0,0.0,1.0,0.0,,43.2,28.88888888888889,5.360931721887942,5.06259264337189,2,2,-0.2983390785160518,27.0,2.0,5824.480592,1.0,21.0
14609,46.0,1.0,148.0,60.0,104.66666666666667,31.42,79.84526091763327,0.0,0.0,0.0,0.0,2.0,2.121212121212121,4.615384615384615,0.429833675095372,0.4827853412896848,0,0,0.052951666194312796,19.0,1.0,94111.821069,1.0,9.0
14621,44.0,1.0,217.0,63.0,118.0,32.92,80.84462662027741,0.0,0.0,0.0,0.0,2.0,2.679738562091503,4.375,0.5557651715590628,0.5979512870912395,0,0,0.04218611553217666,17.0,2.0,73061.338839,1.0,20.0
14649,49.0,0.0,158.0,44.0,126.0,26.94,108.48933177452405,0.0,1.0,0.0,0.0,,10.105633802816902,3.6437246963562755,2.651134508284304,2.2812856081532686,0,0,-0.3698489001310352,20.0,1.0,14270.442909,1.0,14.0
14652,55.0,1.0,188.0,73.0,123.0,22.67,86.96071522622101,0.0,0.0,0.0,0.0,2.0,4.591836734693878,3.333333333333334,1.2003992969075599,1.144688887835666,0,0,-0.05571040907189384,16.0,1.0,31305.486448,1.0,21.0
14664,53.0,1.0,221.0,59.0,109.33333333333333,26.29,103.35118359176776,0.0,0.0,0.0,0.0,2.0,14.778761061946902,10.761904761904763,1.2840085049023902,1.2250341069996276,0,0,-0.0589743979027626,23.0,1.0,60664.418144,1.0,14.0
14787,33.0,1.0,172.0,45.0,133.33333333333334,46.84,121.4702101109062,1.0,0.0,0.0,0.0,2.0,6.615384615384615,6.379310344827586,1.6210640183670768,1.6123872023951187,0,0,-0.00867681597195813,24.0,1.0,35392.268067,1.0,14.0
14844,51.0,0.0,183.0,63.0,123.33333333333333,26.76,91.12299144245233,0.0,0.0,0.0,0.0,,6.272189349112426,6.153846153846154,1.5087401972930097,1.5044718643475523,0,0,-0.004268332945457365,17.0,2.0,60953.124802,1.0,20.0
14852,67.0,1.0,212.0,47.0,148.66666666666666,19.72,61.7474456220309,1.0,0.0,0.0,0.0,,676.1904761904761,781.4285714285714,18.35895404409164,18.686666015659952,3,3,0.3277119715683128,27.0,2.0,64141.274123,1.0,7.0
14867,63.0,1.0,279.0,69.0,126.0,23.44,100.79513131538381,1.0,0.0,0.0,0.0,,18.26086956521739,15.714285714285717,6.172157099229623,6.0428670074266915,2,2,-0.1292900918029316,23.0,2.0,48128.901454,1.0,32.0
14877,58.0,0.0,133.0,63.0,119.33333333333333,28.28,87.24105633198027,0.0,0.0,1.0,0.0,,5.057471264367817,5.736434108527132,2.4041791588703987,2.449219735229022,0,0,0.04504057635862324,17.0,1.0,61072.938409,1.0,14.0
14880,48.0,1.0,242.0,56.0,122.0,30.61,115.62116716318796,0.0,0.0,0.0,0.0,2.0,16.666666666666668,8.695652173913043,1.2414197829681035,1.1272084758693608,0,0,-0.11421130709874272,22.0,1.0,50502.075046,1.0,14.0
14887,51.0,0.0,248.0,37.0,114.66666666666667,27.06,73.21675440925675,0.0,1.0,0.0,0.0,,3.111111111111111,3.4146341463414633,3.5321563887463507,3.5803694181607186,1,1,0.04821302941436789,22.0,2.0,33505.491713,1.0,26.0
14968,53.0,0.0,145.0,41.0,174.66666666666666,25.25,89.99656911635697,0.0,0.0,0.0,0.0,,3.951612903225807,5.168067226890757,4.300532391279119,4.470446656631398,1,1,0.16991426535227916,21.0,1.0,54337.201787,1.0,31.0
14972,31.0,1.0,176.0,58.0,98.66666666666667,30.49,118.50525839536759,0.0,0.0,0.0,0.0,2.0,8.401639344262295,4.040404040404041,0.15608897076734712,0.13986633548288693,0,0,-0.01622263528446019,24.0,1.0,38261.926525,1.0,15.0
14980,52.0,0.0,250.0,41.0,142.66666666666666,29.25,102.76280487616877,0.0,0.0,0.0,0.0,,10.384615384615385,9.890710382513662,4.326619733896472,4.2962619421571855,1,1,-0.0303577917392861,23.0,1.0,73387.930604,1.0,18.0
15077,64.0,1.0,193.0,47.0,150.0,34.49,71.38895221126222,0.0,0.0,0.0,0.0,,10.65217391304348,11.980676328502415,5.642049601612239,5.7367196315504945,2,2,0.09467002993825524,16.0,1.0,17468.491653,1.0,13.0
15163,31.0,1.0,161.0,74.0,110.0,23.98,77.24231290519683,0.0,0.0,0.0,0.0,3.0,2.9487179487179485,1.75,0.08593282802861174,0.07946398990353014,0,0,-0.006468838125081602,23.0,2.0,78323.941113,1.0,26.0
15178,52.0,0.0,221.0,30.0,110.0,29.19,72.76281053191936,0.0,0.0,0.0,0.0,,3.372093023255814,3.4328358208955225,2.312185458805368,2.318282683152473,0,0,0.006097224347105357,15.0,1.0,68873.707331,1.0,15.0
15203,67.0,1.0,252.0,67.0,163.33333333333334,20.98,70.06933326011556,0.0,0.0,0.0,0.0,,38.04347826086956,24.838709677419356,8.057875425206518,7.5962685893167325,2,2,-0.46160683588978557,16.0,1.0,53449.098936,1.0,15.0
15206,41.0,1.0,216.0,90.0,104.66666666666667,22.14,111.35957009664503,0.0,0.0,0.0,0.0,2.0,6.7272727272727275,5.471698113207547,0.21713215862602123,0.2105157006838803,0,0,-0.006616457942140913,24.0,2.0,81996.538093,1.0,22.0
15221,47.0,0.0,243.0,36.0,122.66666666666667,27.83,75.06102725553306,0.0,0.0,0.0,0.0,,3.1223628691983123,7.57936507936508,2.038539556428546,2.3238746288781087,0,0,0.2853350724495627,20.0,1.0,15166.488871,1.0,14.0
15287,56.0,1.0,165.0,37.0,147.33333333333334,48.47,101.44074540397182,1.0,0.0,0.0,0.0,2.0,5.9523809523809526,7.7894736842105265,6.440616720555173,6.688261023125519,2,2,0.24764430257034586,26.0,2.0,20321.13166,1.0,24.0
15390,30.0,0.0,150.0,32.0,146.0,29.03,92.61426955342189,0.0,1.0,0.0,0.0,,2.9122807017543866,9.133333333333333,1.407043214883468,1.6676971485572145,0,0,0.26065393367374656,18.0,1.0,82008.475581,1.0,13.0
15477,36.0,0.0,199.0,56.0,120.0,28.74,117.62513446461753,0.0,0.0,0.0,0.0,,4.137931034482759,2.727272727272727,0.49765505969678364,0.4674333913525032,0,0,-0.030221668344280417,18.0,1.0,83414.864095,1.0,18.0
15497,48.0,0.0,247.0,42.0,110.66666666666667,23.59,74.59564888654876,0.0,0.0,0.0,0.0,,3.5,2.0,1.6515690897131143,1.5197699244308536,0,0,-0.13179916528226077,24.0,2.0,94040.361366,1.0,22.0
15552,45.0,0.0,210.0,37.0,121.33333333333333,27.91,107.33540586327024,0.0,0.0,0.0,0.0,,4.514285714285714,5.467625899280575,1.4972174073447821,1.5404915192692452,0,0,0.043274111924463066,26.0,2.0,79379.596897,1.0,14.0
15568,57.0,1.0,196.0,57.0,132.66666666666666,26.28,100.81181278246719,0.0,0.0,0.0,0.0,2.0,9.568345323741006,4.069767441860465,2.2979187468612916,2.0267633317269134,0,0,-0.27115541513437824,26.0,1.0,68198.647477,1.0,11.0
15594,54.0,1.0,162.0,65.0,117.33333333333333,32.02,102.7104062534988,0.0,0.0,0.0,0.0,2.0,2.6470588235294117,4.201680672268908,0.9289472263188121,0.995003741551255,0,0,0.06605651523244294,17.0,1.0,59303.700564,1.0,14.0
15596,39.0,0.0,192.0,34.0,122.66666666666667,29.86,111.41638116678901,0.0,0.0,0.0,0.0,,6.504854368932039,3.7435897435897436,1.030457424549728,0.9487555417412069,0,0,-0.08170188280852109,17.0,1.0,55418.37022,1.0,14.0
15614,62.0,0.0,167.0,58.0,121.33333333333333,,96.56636277485984,0.0,1.0,1.0,0.0,,31.233766233766232,62.22222222222222,7.048649847710579,7.7617717480945245,2,2,0.7131219003839453,14.0,1.0,11288.447849,1.0,15.0
15740,53.0,0.0,175.0,40.0,136.66666666666666,32.6,105.82371506212196,1.0,1.0,1.0,0.0,,6.568047337278107,3.989071038251366,9.673599297181795,9.035316701116859,2,2,-0.6382825960649363,20.0,2.0,27309.364317,1.0,21.0
15782,47.0,0.0,271.0,56.0,124.66666666666667,27.97,93.41830841115338,0.0,0.0,0.0,0.0,,3.277310924369748,2.1621621621621623,1.7336239035157248,1.629810453603248,0,0,-0.10381344991247676,23.0,1.0,89382.404687,1.0,14.0
15983,31.0,0.0,194.0,62.0,113.33333333333333,22.24,117.1000577029324,0.0,0.0,0.0,0.0,,4.571428571428571,6.818181818181818,0.24875747034237597,0.2641960319741813,0,0,0.01543856163180532,23.0,1.0,71692.259508,1.0,17.0
16026,68.0,0.0,231.0,40.0,140.0,28.11,81.98055225105762,0.0,0.0,0.0,0.0,,3.3088235294117645,2.56198347107438,8.398674714163327,8.10622400732737,2,2,-0.2924507068359574,18.0,1.0,43238.242298,1.0,25.0
16077,50.0,0.0,252.0,40.0,133.0,26.57,104.0490129932253,0.0,0.0,0.0,0.0,,4.262295081967213,5.54054054054054,2.947837342844482,3.063286548075433,0,1,0.11544920523095126,28.0,2.0,23947.144374,1.0,33.0
16091,50.0,1.0,255.0,48.0,134.0,25.83,105.29760114914401,0.0,0.0,0.0,0.0,2.0,252.74725274725276,5.648854961832061,3.3141140067810086,1.9004720386251892,1,0,-1.4136419681558194,23.0,1.0,78751.148405,1.0,18.0
16105,54.0,1.0,234.0,65.0,132.0,20.76,87.50323528498794,0.0,0.0,0.0,0.0,2.0,5.4945054945054945,4.45945945945946,1.7306743488515752,1.678182882101438,0,0,-0.05249146675013727,17.0,1.0,77735.463273,1.0,14.0
16113,46.0,1.0,208.0,42.0,121.33333333333333,50.51,112.03576502101555,0.0,0.0,1.0,0.0,2.0,127.4074074074074,117.43589743589743,2.0782226682114944,2.053470480173624,0,0,-0.024752188037870493,27.0,1.0,58280.730565,1.0,14.0
16134,43.0,1.0,217.0,72.0,102.66666666666667,36.26,81.34899036051259,0.0,0.0,0.0,0.0,2.0,6.601562499999999,4.2105263157894735,0.41588819873960536,0.3888429285633744,0,0,-0.027045270176230984,20.0,2.0,42948.557586,1.0,19.0
16170,34.0,1.0,160.0,57.0,98.66666666666667,23.3,99.09329336766932,0.0,0.0,0.0,0.0,2.0,4.866666666666666,3.3070866141732282,0.18312079268838627,0.1728200596117238,0,0,-0.01030073307666246,24.0,2.0,47919.948315,1.0,14.0
16211,49.0,0.0,187.0,32.0,141.33333333333334,26.13,67.34385309196786,0.0,1.0,0.0,0.0,,4.301075268817204,6.73469387755102,4.336813331216373,4.62658457958312,1,1,0.2897712483667476,27.0,1.0,93798.712029,1.0,14.0
16239,60.0,1.0,238.0,63.0,107.33333333333333,26.05,47.075400845371156,0.0,0.0,1.0,1.0,,738.0,637.3333333333334,7.284067190105388,7.136776796437676,2,2,-0.14729039366771168,21.0,2.0,47760.375716,1.0,22.0
16270,41.0,1.0,225.0,70.0,126.66666666666667,27.61,94.87181502672615,0.0,1.0,0.0,0.0,2.0,5.061728395061728,4.479166666666667,0.9210152641454593,0.9044152571273378,0,0,-0.016600007018121476,17.0,2.0,11864.419855,1.0,21.0
16287,49.0,1.0,205.0,43.0,122.66666666666667,27.3,109.96479305478708,1.0,1.0,0.0,0.0,2.0,89.44444444444444,70.80536912751678,7.726742273719589,7.4803054978111465,2,2,-0.24643677590844248,20.0,1.0,17639.947163,1.0,14.0
16345,60.0,1.0,139.0,56.0,128.0,35.01,73.18718414805923,0.0,0.0,1.0,0.0,,4.324324324324325,3.282828282828283,2.80314035386893,2.6926094087937273,0,0,-0.11053094507520278,14.0,1.0,15527.516849,1.0,25.0
16363,65.0,0.0,211.0,48.0,131.33333333333334,24.71,94.78134144573454,0.0,0.0,0.0,0.0,,2.1052631578947367,2.549019607843137,5.19898567893017,5.3431966938933195,2,2,0.14421101496314925,23.0,1.0,39822.897917,1.0,26.0
16386,63.0,0.0,144.0,65.0,150.0,,36.81119216534823,1.0,0.0,0.0,0.0,,157.41176470588238,165.65217391304347,13.950464353294063,14.043216825673996,3,3,0.09275247237993334,19.0,2.0,50649.259458,1.0,10.0
16481,57.0,0.0,196.0,45.0,145.33333333333334,22.76,70.53496055256451,0.0,0.0,1.0,0.0,,2.3943661971830985,7.090909090909091,4.4369833728704835,5.186447939190145,1,2,0.7494645663196611,26.0,2.0,16424.226073,1.0,14.0
16489,47.0,0.0,208.0,39.0,120.0,36.99,83.32220929240275,0.0,0.0,0.0,0.0,,3.957446808510639,3.950617283950617,1.6152674586993805,1.6148530148647755,0,0,-0.0004144438346049828,14.0,1.0,24439.091035,1.0,21.0
16493,44.0,0.0,255.0,36.0,121.33333333333333,31.57,108.00503709324838,0.0,1.0,0.0,0.0,,2.380952380952381,4.3478260869565215,2.610517314949764,2.8519394629511194,0,0,0.24142214800135564,22.0,1.0,12728.179417,1.0,17.0
16539,54.0,0.0,169.0,45.0,120.66666666666667,26.11,89.43859038783556,0.0,1.0,0.0,0.0,,4.415584415584416,9.632352941176471,3.1010589741599626,3.4752227689034227,1,1,0.3741637947434602,26.0,2.0,16339.839364,1.0,16.0
16581,33.0,0.0,179.0,42.0,98.66666666666667,24.91,101.91687651874598,0.0,0.0,0.0,0.0,,3.2835820895522394,3.548387096774194,0.41552481309916256,0.4203994119188559,0,0,0.004874598819693321,21.0,2.0,56053.322654,1.0,32.0
16849,42.0,0.0,206.0,26.0,138.66666666666666,35.64,109.3568584605196,0.0,0.0,0.0,0.0,,19.032258064516128,18.71951219512195,2.5586769237466283,2.5524462453805112,0,0,-0.006230678366117015,15.0,1.0,84767.32242,1.0,12.0
16902,53.0,1.0,252.0,42.0,120.66666666666667,31.47,88.04913995269463,0.0,1.0,0.0,0.0,2.0,14.166666666666666,13.571428571428571,3.7577963849641454,3.7345604939339516,1,1,-0.023235891030193745,24.0,2.0,80029.479001,1.0,17.0
16918,65.0,1.0,226.0,62.0,137.33333333333334,43.27,50.23466567555501,0.0,1.0,1.0,0.0,,7.499999999999999,44.36363636363637,8.989440036913244,11.424641975795588,2,3,2.4352019388823436,16.0,1.0,19671.829977,1.0,19.0
16936,35.0,0.0,184.0,61.0,132.0,22.72,100.6570249346469,0.0,0.0,0.0,0.0,,2.32,4.928571428571429,0.48035881146308695,0.5379340294006355,0,0,0.05757521793754855,15.0,1.0,28087.171427,1.0,18.0
16978,69.0,1.0,221.0,67.0,108.0,28.22,97.10319268566617,0.0,1.0,0.0,0.0,,6.666666666666667,9.333333333333334,5.372813782670889,5.635488248632389,2,2,0.2626744659615001,18.0,1.0,46226.906517,1.0,26.0
16986,61.0,1.0,255.0,64.0,142.0,27.94,98.33483510581422,0.0,0.0,0.0,0.0,,2.0833333333333335,6.428571428571429,2.8739368318984844,3.385679527467331,0,1,0.5117426955688464,17.0,1.0,3674.515209,1.0,16.0
16994,59.0,0.0,201.0,41.0,99.33333333333333,33.17,86.700161782722,0.0,1.0,0.0,0.0,,3.080568720379147,0.6410256410256411,4.792854729214611,3.819966795541501,1,1,-0.9728879336731096,21.0,1.0,50592.807309,1.0,35.0
17027,30.0,0.0,152.0,46.0,115.33333333333333,20.55,117.8306074692417,0.0,0.0,0.0,0.0,,9.539473684210526,4.6875,0.2938686959627459,0.2640492185845147,0,0,-0.029819477378231207,15.0,2.0,66751.922285,1.0,9.0
17028,69.0,0.0,215.0,44.0,136.0,28.76,81.47227282710105,0.0,0.0,0.0,0.0,,4.943820224719102,6.808510638297872,8.368023649793455,8.746123204129063,2,2,0.3780995543356074,14.0,2.0,51882.708458,1.0,20.0
17122,55.0,0.0,203.0,43.0,162.0,32.36,104.51556885895864,1.0,0.0,0.0,0.0,,60.42553191489362,47.81954887218045,12.743760075916441,12.35601932131554,3,3,-0.38774075460090174,16.0,1.0,23869.703464,1.0,10.0
17135,61.0,0.0,200.0,31.0,141.33333333333334,26.86,76.37419935789183,0.0,1.0,0.0,0.0,,3.7168141592920354,9.155844155844155,7.956077476293984,9.011817589586215,2,2,1.0557401132922308,27.0,1.0,8484.671753,1.0,15.0
17158,62.0,1.0,296.0,42.0,169.33333333333334,26.9,97.72515912815815,0.0,1.0,0.0,0.0,,9.148936170212766,13.333333333333334,11.10994679488809,11.680716352879756,3,3,0.5707695579916656,24.0,1.0,50957.812596,1.0,24.0
17170,39.0,0.0,219.0,80.0,119.33333333333333,29.68,111.41638116678901,0.0,0.0,0.0,0.0,,3.9215686274509802,4.363636363636363,0.4400862650880524,0.4472102766323158,0,0,0.007124011544263398,17.0,2.0,19516.594221,1.0,31.0
17216,42.0,0.0,231.0,36.0,136.66666666666666,34.43,70.34042923150217,0.0,0.0,0.0,0.0,,2.9245283018867925,1.9066147859922182,1.8444646216170364,1.731074115336648,0,0,-0.11339050628038838,16.0,2.0,33434.716016,1.0,42.0
17428,47.0,0.0,197.0,45.0,135.33333333333334,30.95,93.41830841115338,0.0,0.0,1.0,0.0,,16.367924528301888,21.85185185185185,2.688976091898648,2.805543457073474,0,0,0.1165673651748258,18.0,2.0,27130.122514,1.0,21.0
17442,56.0,1.0,188.0,56.0,124.66666666666667,29.36,110.00927142395582,0.0,0.0,1.0,1.0,2.0,14.242424242424242,2.4390243902439024,2.2563608061778444,1.7403902608420423,0,0,-0.5159705453358021,26.0,1.0,68198.647477,1.0,21.0
17446,59.0,0.0,283.0,58.0,152.0,22.61,86.700161782722,0.0,0.0,1.0,0.0,,3.2275132275132274,4.485981308411215,6.46214982674448,6.769260329741722,2,2,0.30711050299724185,20.0,2.0,27357.631341,1.0,31.0
17547,44.0,0.0,242.0,48.0,116.66666666666667,47.65,84.8914202627068,0.0,0.0,1.0,0.0,,2.3214285714285716,2.4742268041237114,1.4139710655270166,1.4274524273888567,0,0,0.013481361861840124,27.0,1.0,22000.11528,1.0,12.0
17551,31.0,1.0,187.0,37.0,124.66666666666667,39.97,122.99056536408828,0.0,0.0,0.0,0.0,2.0,4.444444444444445,96.15384615384616,0.37976065898735023,0.6011441723483627,0,0,0.22138351336101247,26.0,1.0,88831.413459,1.0,9.0
17603,45.0,0.0,237.0,46.0,129.33333333333334,37.41,115.79895296162347,0.0,0.0,0.0,0.0,,5.155279503105591,8.282828282828282,1.7369426283630112,1.863469534025406,0,0,0.12652690566239477,22.0,1.0,14090.357871,1.0,19.0
17693,58.0,1.0,201.0,41.0,115.33333333333333,43.03,85.35325350751985,0.0,0.0,1.0,0.0,2.0,5.978835978835979,4.015748031496063,2.9671416855716513,2.7998692195678325,0,0,-0.16727246600381873,23.0,1.0,59775.786991,1.0,8.0
17704,67.0,1.0,166.0,37.0,156.66666666666666,28.31,80.70696426734294,0.0,0.0,1.0,0.0,,4.470588235294118,5.020746887966805,7.624073671783254,7.747689584242565,2,2,0.1236159124593108,18.0,2.0,53999.746594,1.0,21.0
17706,35.0,1.0,210.0,55.0,102.0,31.44,119.96864882040761,0.0,1.0,0.0,0.0,2.0,10.641025641025642,13.478260869565217,0.5548581305020555,0.5747843989145047,0,0,0.019926268412449266,28.0,2.0,28712.142989,1.0,16.0
17715,31.0,0.0,201.0,78.0,127.33333333333333,23.93,92.04006108219069,0.0,0.0,0.0,0.0,,3.8297872340425534,3.501945525291829,0.26844211228765247,0.2648484028878645,0,0,-0.003593709399787981,16.0,2.0,38272.809755,1.0,41.0
17732,68.0,1.0,240.0,70.0,163.33333333333334,18.29,94.14566788317298,0.0,0.0,0.0,1.0,,6.818181818181818,4.615384615384615,6.053676980368267,5.728987851593451,2,2,-0.3246891287748159,24.0,2.0,54136.549989,1.0,17.0
17755,49.0,0.0,143.0,30.0,159.0,35.84,92.2635123866304,1.0,0.0,1.0,0.0,,51.82432432432432,25.789473684210527,10.5789931690681,9.622664325586136,3,2,-0.9563288434819643,28.0,2.0,11191.222422,1.0,21.0
17768,68.0,1.0,189.0,49.0,126.0,36.7,69.63490339390283,0.0,0.0,0.0,0.0,,3.667953667953668,3.121019108280255,4.673369767763935,4.566556664523102,1,1,-0.10681310324083348,19.0,2.0,53889.673153,1.0,10.0
17783,56.0,0.0,217.0,59.0,134.0,25.25,88.33298988644091,0.0,1.0,0.0,0.0,,3.194444444444444,3.3333333333333335,4.0832215353793195,4.108466522080112,1,1,0.025244986700792893,15.0,2.0,24397.743037,1.0,7.0
17826,30.0,0.0,146.0,49.0,106.0,25.37,117.8306074692417,0.0,1.0,0.0,0.0,,3.9672131147540983,2.525252525252525,0.40088699931506167,0.37455195551074993,0,0,-0.02633504380431173,21.0,2.0,54711.649912,1.0,14.0
17897,59.0,0.0,225.0,65.0,128.66666666666666,30.01,98.38500149214225,0.0,0.0,0.0,0.0,,9.310344827586206,5.0,3.582090273429749,3.2716093849850316,1,1,-0.31048088844471744,23.0,1.0,61032.790945,1.0,8.0
17940,38.0,0.0,187.0,62.0,128.66666666666666,39.67,88.11905784218409,0.0,1.0,0.0,0.0,,2.5165562913907285,13.509433962264149,0.9815305225643574,1.2614902611822096,0,0,0.2799597386178523,20.0,1.0,21251.042323,1.0,9.0
17946,35.0,1.0,193.0,51.0,114.0,33.19,119.96864882040761,0.0,1.0,0.0,0.0,2.0,6.506550218340611,6.243654822335025,0.5579895169285028,0.554564458828476,0,0,-0.003425058100026801,26.0,1.0,92848.477965,1.0,12.0
17965,40.0,0.0,159.0,40.0,142.66666666666666,48.07,114.7350482312626,0.0,0.0,1.0,0.0,,9.851851851851851,10.688524590163935,1.6070249455430057,1.6266039843460638,0,0,0.019579038803058113,27.0,2.0,112092.207923,1.0,10.0
18006,53.0,0.0,173.0,41.0,105.33333333333333,32.07,72.31168110662146,0.0,0.0,1.0,0.0,,34.93333333333333,30.816326530612244,3.2528421003554975,3.1937750253848884,1,1,-0.059067074970609035,21.0,1.0,54337.201787,1.0,47.0
18043,45.0,0.0,245.0,39.0,110.66666666666667,22.4,115.79895296162347,0.0,0.0,0.0,0.0,,4.009433962264151,5.573770491803279,1.3548655176698043,1.4229845951197473,0,0,0.06811907744994294,25.0,1.0,9833.676985,1.0,8.0
18051,51.0,1.0,265.0,48.0,142.66666666666666,43.35,68.2079689795163,0.0,0.0,1.0,0.0,2.0,11.756756756756754,4.67741935483871,3.5820365654456214,3.133675234010648,1,1,-0.4483613314349735,22.0,2.0,94400.446973,1.0,35.0
18070,43.0,0.0,205.0,30.0,110.66666666666667,24.91,95.77144262118296,1.0,1.0,0.0,0.0,,2.3913043478260874,4.352941176470588,4.1867967379480735,4.565076760853813,1,1,0.3782800229057397,27.0,2.0,50500.969214,1.0,19.0
18093,39.0,1.0,180.0,72.0,103.33333333333333,19.77,112.75337774079048,0.0,1.0,0.0,0.0,2.0,6.732673267326732,60.94339622641509,0.4106925710393846,0.5707495824215769,0,0,0.1600570113821923,24.0,1.0,77978.9807,1.0,17.0
18209,65.0,1.0,225.0,81.0,176.66666666666666,32.2,81.71711529104005,0.0,0.0,0.0,0.0,,8.52017937219731,11.88679245283019,5.528353477908225,5.795312047124185,2,2,0.2669585692159595,28.0,1.0,15013.908977,1.0,45.0
18216,31.0,0.0,151.0,24.0,116.0,30.04,103.19249675898193,0.0,0.0,0.0,0.0,,2.00836820083682,3.2919254658385095,0.40644364076208533,0.4377949730618634,0,0,0.031351332299778045,28.0,2.0,19496.330497,1.0,8.0
18261,41.0,0.0,218.0,35.0,109.33333333333333,22.57,114.02369093222877,0.0,0.0,0.0,0.0,,6.352941176470588,3.7254901960784315,1.0142865618480321,0.9364825803810831,0,0,-0.077803981466949,26.0,2.0,77299.650844,1.0,9.0
18334,57.0,0.0,178.0,48.0,127.33333333333333,19.84,107.47130971217526,0.0,0.0,1.0,0.0,,6.213592233009709,3.0208333333333335,3.566859527435218,3.210624269553381,1,1,-0.3562352578818371,15.0,1.0,12324.693525,1.0,19.0
18379,45.0,1.0,191.0,67.0,100.66666666666667,20.85,92.54078494722717,0.0,0.0,0.0,0.0,2.0,6.239316239316239,3.6144578313253013,0.4736672607818117,0.43655838768620703,0,0,-0.03710887309560468,24.0,2.0,96451.910583,1.0,14.0
18400,34.0,0.0,188.0,60.0,124.66666666666667,23.43,90.33870807018226,0.0,0.0,0.0,0.0,,3.4375,5.037037037037037,0.4163316448098381,0.44094970511107123,0,0,0.024618060301233147,23.0,1.0,71692.259508,1.0,12.0
18421,56.0,1.0,218.0,59.0,116.0,34.93,105.28017741258925,0.0,0.0,0.0,0.0,2.0,2.926829268292683,4.084507042253521,1.3942297975076252,1.464713779013256,0,0,0.07048398150563084,27.0,1.0,68373.430201,1.0,14.0
18448,49.0,1.0,216.0,53.0,132.66666666666666,25.5,90.26702900367677,0.0,1.0,0.0,0.0,2.0,5.276073619631902,4.678899082568806,2.377082603313143,2.335594155499017,0,0,-0.04148844781412597,16.0,2.0,113738.103686,1.0,33.0
18471,36.0,0.0,286.0,32.0,131.33333333333334,29.36,100.0329513800521,0.0,0.0,0.0,0.0,,16.666666666666668,6.666666666666667,2.0734101862477767,1.8103332850913725,0,0,-0.26307690115640425,16.0,2.0,93662.367817,1.0,42.0
18498,43.0,0.0,251.0,44.0,102.66666666666667,31.22,95.77144262118296,0.0,1.0,0.0,0.0,,19.214285714285715,5.221238938053097,2.552152897435176,2.1059267294681074,0,0,-0.4462261679670685,22.0,1.0,17537.763226,1.0,14.0
18514,53.0,0.0,170.0,42.0,101.33333333333333,24.63,89.99656911635697,1.0,0.0,0.0,0.0,,3.7777777777777772,4.341085271317829,3.7450898513341166,3.8214879252403056,1,1,0.07639807390618891,14.0,2.0,27785.971632,1.0,28.0
18569,52.0,1.0,230.0,50.0,102.66666666666667,29.78,88.5984503448326,0.0,0.0,0.0,0.0,2.0,7.464788732394366,9.333333333333334,1.3669643936581422,1.4129261884658761,0,0,0.04596179480773399,17.0,1.0,31215.689429,1.0,21.0
18573,62.0,1.0,191.0,85.0,127.33333333333333,25.93,105.97983593935513,0.0,0.0,0.0,0.0,,8.571428571428571,6.976744186046512,2.057099422227654,1.995750677954126,0,0,-0.0613487442735281,17.0,2.0,3548.489546,1.0,28.0
18580,30.0,0.0,245.0,44.0,120.0,33.4,117.8306074692417,0.0,1.0,0.0,0.0,,4.451612903225806,3.121019108280255,1.0045991599589756,0.9526473698075708,0,0,-0.05195179015140483,17.0,2.0,29134.252335,1.0,25.0
18617,67.0,1.0,182.0,48.0,158.0,26.21,70.06933326011556,0.0,0.0,0.0,0.0,,84.5945945945946,20.0,9.459140765414718,7.760684585079572,2,2,-1.6984561803351461,19.0,2.0,53889.673153,1.0,15.0
18693,56.0,1.0,201.0,80.0,136.66666666666666,21.63,101.44074540397182,0.0,1.0,0.0,0.0,2.0,6.0,3.75,2.4112691140754623,2.250696045802878,0,0,-0.16057306827258433,21.0,1.0,54009.241244,1.0,47.0
18746,62.0,1.0,245.0,66.0,130.66666666666666,40.72,51.18073742685728,1.0,0.0,1.0,1.0,,12.92134831460674,15.937499999999998,9.3076198579837,9.576904389378267,2,2,0.26928453139456643,27.0,2.0,7630.531771,1.0,11.0
18848,69.0,0.0,180.0,56.0,115.33333333333333,28.77,72.66723069047742,1.0,0.0,0.0,0.0,,0.5945945945945946,3.3333333333333335,6.071441806596943,7.737032004486847,2,2,1.6655901978899035,18.0,2.0,12830.363544,1.0,14.0
18850,45.0,1.0,187.0,59.0,174.0,49.73,108.62343073362948,0.0,0.0,1.0,0.0,2.0,14.402985074626866,12.067039106145252,2.5932576611728653,2.5269921733696568,0,0,-0.06626548780320851,25.0,1.0,28143.876419,1.0,13.0
18882,50.0,1.0,183.0,48.0,112.0,26.9,61.21599363483299,0.0,1.0,1.0,0.0,2.0,11.232876712328766,8.68421052631579,2.5368208790408766,2.44303567753773,0,0,-0.09378520150314662,18.0,2.0,78784.47147,1.0,13.0
18919,60.0,1.0,219.0,65.0,124.66666666666667,28.44,98.94831465668567,0.0,0.0,0.0,0.0,,18.741721854304636,7.166666666666667,2.650900349135942,2.3028658324451263,0,0,-0.34803451669081564,20.0,1.0,10130.087876,1.0,23.0
18994,62.0,0.0,207.0,52.0,108.0,35.02,100.06309588894229,0.0,0.0,0.0,0.0,,6.428571428571429,8.666666666666666,3.7739405664259684,3.9412206218110275,1,1,0.16728005538505908,24.0,2.0,8099.454041,1.0,22.0
19064,34.0,1.0,180.0,61.0,112.66666666666667,26.09,99.09329336766932,0.0,0.0,0.0,0.0,2.0,4.532871972318339,3.8853503184713376,0.1906379679496869,0.18628534972144958,0,0,-0.0043526182282373205,20.0,2.0,39708.470856,1.0,13.0
19112,43.0,1.0,264.0,62.0,107.33333333333333,24.72,93.69905139296438,0.0,1.0,1.0,0.0,2.0,37.043795620437955,15.165562913907285,1.7785019011532015,1.558830168146278,0,0,-0.21967173300692355,18.0,2.0,94951.421556,1.0,15.0
19165,51.0,0.0,213.0,28.0,104.0,31.74,73.21675440925675,0.0,0.0,0.0,0.0,,3.5714285714285716,5.826771653543307,2.339886866202087,2.514884192214351,0,0,0.17499732601226414,20.0,1.0,15166.488871,1.0,12.0
19180,67.0,0.0,139.0,37.0,112.66666666666667,31.47,66.28180884355125,0.0,0.0,1.0,0.0,,4.263565891472868,5.942028985507245,6.22923770899356,6.528538546609895,2,2,0.2993008376163351,16.0,1.0,51669.070014,1.0,15.0
19264,51.0,1.0,207.0,48.0,148.0,24.49,89.15118770862608,0.0,0.0,0.0,0.0,2.0,19.454545454545453,0.5882352941176471,2.777920578008224,1.6617736537601246,0,0,-1.1161469242480992,15.0,2.0,14137.47986,1.0,22.0
19299,50.0,0.0,241.0,56.0,130.66666666666666,24.88,91.6914786098333,0.0,0.0,0.0,0.0,,5.593220338983051,6.395759717314489,2.2379090415326437,2.282637113334242,0,0,0.0447280718015981,15.0,2.0,72630.906934,1.0,7.0
19357,56.0,0.0,220.0,61.0,127.0,23.13,103.8675723320331,0.0,1.0,0.0,0.0,,2.699386503067485,3.696969696969697,3.5000552073778044,3.6640461266099438,1,1,0.16399091923213938,26.0,2.0,54202.595687,1.0,22.0
19376,61.0,1.0,195.0,65.0,145.33333333333334,26.23,83.77550558740427,0.0,0.0,0.0,0.0,,140.23622047244095,69.13461538461539,5.008432279727497,4.526748686495801,2,1,-0.48168359323169607,18.0,1.0,43011.024004,1.0,21.0
19443,46.0,0.0,222.0,60.0,123.33333333333333,,94.00111532617566,0.0,0.0,0.0,0.0,,20.227272727272727,16.3953488372093,1.5378018257589752,1.490508778426004,0,0,-0.04729304733297113,23.0,2.0,99857.951281,1.0,21.0
19540,40.0,0.0,263.0,46.0,104.0,28.53,110.72559960355491,0.0,1.0,0.0,0.0,,4.112554112554113,3.8297872340425534,1.6708359593964457,1.6532546357928397,0,0,-0.01758132360360598,16.0,2.0,121184.830921,1.0,27.0
19545,54.0,1.0,312.0,58.0,117.33333333333333,32.97,75.9698176010205,0.0,0.0,1.0,1.0,2.0,2.246376811594203,2.0,2.5522850898510296,2.5092667324143854,0,0,-0.04301835743664428,27.0,1.0,21973.980578,1.0,34.0
19641,42.0,0.0,215.0,40.0,132.66666666666666,37.48,20.719250253767793,0.0,0.0,1.0,1.0,,267.6923076923077,255.93750000000003,8.909721850080878,8.854841333731983,2,2,-0.054880516348895014,22.0,1.0,17537.763226,1.0,11.0
19665,52.0,0.0,228.0,34.0,120.66666666666667,26.73,102.76280487616877,0.0,0.0,0.0,0.0,,5.251798561151079,4.3478260869565215,2.7706182432658,2.6948039673320743,0,0,-0.07581427593372592,24.0,1.0,65683.082932,1.0,25.0
19668,32.0,0.0,145.0,40.0,106.0,25.95,116.37403734517422,0.0,1.0,0.0,0.0,,5.77049180327869,3.230769230769231,0.5866267116657496,0.5376947120286326,0,0,-0.04893199963711703,18.0,2.0,31055.92454,1.0,14.0
19686,67.0,0.0,190.0,42.0,111.33333333333333,26.54,100.99095187272347,0.0,0.0,0.0,0.0,,18.21428571428571,7.868852459016393,6.607652650229988,5.867247374809829,2,2,-0.7404052754201587,23.0,1.0,39822.897917,1.0,19.0
19757,54.0,0.0,227.0,34.0,126.66666666666667,31.43,105.16760802873681,0.0,1.0,0.0,0.0,,12.432432432432432,10.625,5.70090937952997,5.574708542071327,2,2,-0.12620083745864363,24.0,2.0,74579.202591,1.0,14.0
19768,45.0,1.0,222.0,66.0,118.66666666666667,20.03,70.80128881345036,0.0,0.0,0.0,0.0,2.0,3.3333333333333335,3.1638418079096047,0.6227992458063751,0.6179691993575912,0,0,-0.004830046448783931,18.0,2.0,31506.414658,1.0,21.0
19800,53.0,0.0,203.0,47.0,126.0,30.34,72.31168110662146,0.0,0.0,0.0,0.0,,2.8977272727272725,2.912087912087912,2.2787394946991815,2.280402442988956,0,0,0.001662948289774313,15.0,2.0,25592.032243,1.0,10.0
19824,66.0,0.0,157.0,49.0,119.33333333333333,30.23,36.130740284615456,0.0,0.0,0.0,0.0,,13.333333333333334,11.862745098039216,6.771007678401713,6.660454177119071,2,2,-0.11055350128264152,24.0,2.0,52333.62671,1.0,14.0
19840,39.0,1.0,183.0,68.0,98.66666666666667,21.16,117.0209817085426,0.0,1.0,0.0,0.0,2.0,5.029940119760479,2.4752475247524752,0.43923155387761753,0.39505456977247994,0,0,-0.044176984105137596,24.0,1.0,38261.926525,1.0,10.0
19857,30.0,0.0,157.0,47.0,119.33333333333333,23.85,117.8306074692417,0.0,1.0,0.0,0.0,,3.5714285714285716,4.117647058823529,0.5331163644024646,0.5446343784585123,0,0,0.011518014056047687,14.0,2.0,70119.668414,1.0,15.0
19911,47.0,0.0,185.0,48.0,128.0,62.99,109.84721470999452,0.0,0.0,1.0,1.0,,10.610328638497652,11.239669421487603,1.8255559946617406,1.841216209123731,0,0,0.015660214461990396,22.0,2.0,113906.098846,1.0,35.0
19927,66.0,1.0,231.0,90.0,126.66666666666667,25.93,81.21046917623559,0.0,0.0,0.0,0.0,,2.727272727272727,5.189873417721518,2.5871854324113777,2.8420902462547883,0,0,0.2549048138434107,24.0,2.0,54136.549989,1.0,14.0
19972,64.0,1.0,210.0,67.0,114.0,26.89,82.2269222087342,0.0,0.0,0.0,0.0,,2.142857142857143,11.343283582089553,2.2873436676902923,2.9185476064957254,0,0,0.6312039388054331,14.0,2.0,53271.813531,1.0,20.0
20158,47.0,0.0,242.0,34.0,120.66666666666667,28.14,75.06102725553306,0.0,0.0,0.0,0.0,,2.358490566037736,2.1641791044776117,1.9361526397713076,1.9116541338524218,0,0,-0.024498505918885805,22.0,2.0,30896.672951,1.0,22.0
20292,46.0,1.0,142.0,59.0,106.66666666666667,19.37,91.96703208055436,0.0,0.0,0.0,0.0,2.0,27.63157894736842,3.823529411764706,0.6032851289473518,0.44900427314389446,0,0,-0.1542808558034573,23.0,2.0,96119.531282,1.0,14.0
20311,50.0,0.0,164.0,53.0,128.0,23.81,91.6914786098333,0.0,0.0,0.0,0.0,,6.549019607843137,3.7628865979381443,1.628727220737391,1.4999467572366767,0,0,-0.12878046350071437,14.0,1.0,22524.696664,1.0,17.0
20338,54.0,0.0,200.0,42.0,122.66666666666667,37.21,71.8633486837604,0.0,0.0,0.0,0.0,,2.592592592592593,2.897526501766784,2.4180806655679574,2.4580211052649754,0,0,0.03994043969701799,25.0,2.0,20359.172884,1.0,10.0
20353,40.0,0.0,260.0,56.0,146.66666666666666,36.14,59.98318761410732,1.0,0.0,0.0,0.0,,6308.823529411765,1342.5414364640883,12.393319985122787,10.070949537178935,3,3,-2.322370447943852,20.0,1.0,15166.488871,1.0,28.0
20380,32.0,1.0,191.0,83.0,121.33333333333333,21.13,100.3335728484498,0.0,1.0,0.0,0.0,2.0,9.81651376146789,4.285714285714286,0.27348592407817546,0.24156835346443264,0,0,-0.03191757061374281,23.0,1.0,73951.653381,1.0,17.0
20444,34.0,1.0,180.0,61.0,96.0,19.35,86.0322409578126,0.0,0.0,0.0,0.0,2.0,22.20472440944882,8.028169014084508,0.2446300697256901,0.21005461995918623,0,0,-0.03457544976650387,25.0,2.0,6585.389061,1.0,9.0
20447,30.0,0.0,156.0,28.0,120.0,33.39,117.8306074692417,0.0,0.0,0.0,0.0,,3.7768240343347643,7.193460490463215,0.43161256471711035,0.4755061120542324,0,0,0.04389354733712203,15.0,1.0,65515.692608,1.0,19.0
20503,49.0,1.0,130.0,39.0,115.33333333333333,52.09,90.26702900367677,0.0,0.0,0.0,0.0,2.0,1.793103448275862,2.234042553191489,0.8012731263942751,0.8279390232154903,0,0,0.02666589682121523,26.0,1.0,13798.076026,1.0,12.0
20553,52.0,0.0,247.0,42.0,142.0,30.25,106.48391533721266,0.0,0.0,0.0,0.0,,5.844748858447488,3.9130434782608696,3.820957995244578,3.6044227680576406,1,1,-0.21653522718693718,17.0,1.0,57740.389446,1.0,17.0
20600,44.0,1.0,154.0,46.0,122.66666666666667,40.61,118.53357404019758,1.0,0.0,0.0,0.0,2.0,16.428571428571427,10.757575757575758,2.190175468668885,2.0580688825918485,0,0,-0.13210658607703651,15.0,1.0,11959.735259,1.0,26.0
20619,40.0,0.0,203.0,40.0,129.33333333333334,26.89,78.40099182476698,0.0,0.0,0.0,0.0,,4.649122807017544,2.288135593220339,1.193599769989574,1.073721855901112,0,0,-0.11987791408846205,16.0,2.0,31874.436626,1.0,32.0
20746,59.0,0.0,179.0,48.0,126.66666666666667,32.06,98.38500149214225,0.0,0.0,1.0,1.0,,8.8,9.003831417624522,3.9339493424835634,3.9470380018981466,1,1,0.013088659414583148,19.0,1.0,69119.739017,1.0,17.0
20868,58.0,0.0,203.0,51.0,101.33333333333333,34.87,87.24105633198027,0.0,0.0,0.0,1.0,,16.214285714285715,11.10497237569061,3.3583110526987494,3.177673627966851,1,1,-0.18063742473189848,23.0,1.0,61032.790945,1.0,14.0
20873,45.0,1.0,186.0,44.0,113.33333333333333,28.94,112.73472028679367,0.0,1.0,0.0,0.0,2.0,19.12280701754386,7.792207792207792,1.482058902022745,1.297617387751868,0,0,-0.18444151427087707,20.0,2.0,33006.489526,1.0,29.0
20953,41.0,0.0,241.0,71.0,120.66666666666667,24.06,110.03910088601287,0.0,1.0,0.0,0.0,,3.391304347826087,2.542372881355932,1.1540771807611387,1.1054856937052617,0,0,-0.048591487055877014,18.0,1.0,20054.727827,1.0,17.0
20963,32.0,0.0,233.0,50.0,131.33333333333334,20.08,91.4694127034811,0.0,1.0,0.0,0.0,,3.5714285714285716,3.6842105263157894,1.2412473182380392,1.2470157173562348,0,0,0.0057683991181956,23.0,2.0,38013.804082,1.0,20.0
20988,40.0,0.0,187.0,80.0,130.0,27.44,97.57511057093221,0.0,1.0,0.0,0.0,,2.1283783783783785,6.380952380952381,0.8040701481550693,0.9476991075088996,0,0,0.14362895935383035,27.0,1.0,20973.448074,1.0,15.0
