SDMVSTRA,SDMVPSU,WTMEC2YR,WTSAF2YR
83.0,1.0,1.0,1.0
79.0,2.0,1.0,1.0
84.0,1.0,1.0,1.0
86.0,2.0,1.0,1.0
75.0,2.0,1.0,1.0
88.0,1.0,1.0,1.0
85.0,2.0,1.0,1.0
88.0,2.0,1.0,1.0
77.0,1.0,1.0,1.0
86.0,1.0,1.0,1.0
79.0,1.0,1.0,1.0
89.0,1.0,1.0,1.0
81.0,1.0,1.0,1.0
80.0,2.0,1.0,1.0
75.0,1.0,1.0,1.0
78.0,2.0,1.0,1.0
76.0,1.0,1.0,1.0
82.0,2.0,1.0,1.0
87.0,1.0,1.0,1.0
82.0,1.0,1.0,1.0
77.0,2.0,1.0,1.0
85.0,1.0,1.0,1.0
78.0,1.0,1.0,1.0
89.0,2.0,1.0,1.0
81.0,2.0,1.0,1.0
76.0,2.0,1.0,1.0
86.0,3.0,1.0,1.0
80.0,1.0,1.0,1.0
83.0,2.0,1.0,1.0
84.0,2.0,1.0,1.0
87.0,2.0,1.0,1.0
